Method,Density,Moran,Voronoi
K-Means (33_lexico),0.7382108334140841,-0.0976481184623843,0.8493113869828164
K-Means (33_random),0.4972217390064156,-0.0817781492675971,0.5286027407777256
K-Means (33_projection),-0.0557999377864971,-0.2021418805744068,0.4255756108917911
K-Means (33_distance_0),-0.2101325084783533,-0.0185356299309357,0.5038619693436558
K-Means (33_angel_0),-0.3333670743241829,0.0333075666509756,0.5263276631505359
K-Means (33_lexico),-0.2060682956275655,-0.1462880325714234,0.4623959786472097
K-Means (33_random),-0.0839789963843386,-0.1817951445238164,1.5507527802478454
K-Means (33_projection),0.0784349039983368,-0.0475108310292153,2.3462353091556265
K-Means (33_distance_0),0.5629202729032174,-0.1582670261857326,1.705836682107487
K-Means (33_angel_0),-0.1399389500587652,-0.1707357667973497,0.7719324877653169
K-Means (33_lexico),-0.1636482193590784,-0.1773373048983366,1.8039174481704845
K-Means (33_random),-0.0448260344743005,-0.2814779051672374,0.6007803517109053
K-Means (33_projection),-0.0408578142946572,-0.2647113624861105,0.5584969718363244
K-Means (33_distance_0),-0.1475068843306911,-0.0492429521122889,1.767679460139791
K-Means (33_angel_0),0.1171287691028821,-0.1116835144643366,1.930363463146207
K-Means (33_lexico),0.1820856462479002,-0.1567242465850482,0.5619663889918407
K-Means (33_random),0.5087607322347106,-0.1533850807680725,1.5684608152807684
K-Means (33_projection),-0.2179686375418941,-0.2398851126796422,0.4563328807017565
K-Means (33_distance_0),0.0517566687454795,-0.2709713168831844,0.5149695019045842
K-Means (33_angel_0),0.5087607322347106,-0.1533850807680725,1.5684608152807684
K-Means (33_lexico),0.2440916998778909,-0.166829035529914,2.8723463932204325
K-Means (33_random),0.5961776202004061,-0.1719587520295706,0.4961220648600477
K-Means (33_projection),0.2340117468272428,-0.2635677116324755,0.5669760711917462
K-Means (33_distance_0),-0.155094445696239,-0.1901118088061326,1.0502343146217747
K-Means (33_angel_0),0.3161681790329788,-0.2815634930955955,0.5680650952737994
K-Means (33_lexico),-0.0801314371522308,-0.1862883084302435,0.7264542701883473
K-Means (33_random),-0.0448260344743005,-0.2814779051672374,0.6007803517109053
K-Means (33_projection),0.3161681790329788,-0.2815634930955955,0.5680650952737994
K-Means (33_distance_0),-0.0408578142946572,-0.2647113624861105,0.5584969718363244
K-Means (33_angel_0),0.2540121742782496,-0.2264654498997061,0.5920878480998351
K-Means (33_lexico),-0.0456577147523684,-0.3526789589817115,0.5723912488105275
K-Means (33_random),-0.0448260344743005,-0.2814779051672374,0.6007803517109053
K-Means (33_projection),-0.0597181729429071,-0.1541517850753973,0.681126101041187
K-Means (33_distance_0),0.1523775378047454,-0.1318608647990627,0.5704706241433252
K-Means (33_angel_0),0.5809286054960962,-0.1659985024333825,2.3823224972826207
K-Means (33_lexico),-0.2426933181251372,-0.040140323058945,0.663971168486161
K-Means (33_random),-0.0448260344743005,-0.2814779051672374,0.6007803517109053
K-Means (33_projection),0.0270709284069743,-0.2283042975931006,0.6730460539879332
K-Means (33_distance_0),-0.0837028449791733,-0.2569500833627404,0.5253502185510146
K-Means (33_angel_0),-0.3333670743241829,0.0333075666509756,0.5263276631505358
K-Means (33_lexico),-0.0448260344743005,-0.2814779051672374,0.6007803517109053
K-Means (33_random),-0.0587048170527088,-0.194696570082713,0.5415046358266047
K-Means (33_projection),0.0723816068468345,-0.1682987237213796,2.293359873049423
K-Means (33_distance_0),-0.2615528558847855,-0.0463844314839114,1.100777043607026
K-Means (33_angel_0),0.2553791998141974,-0.1740014795374476,2.5380733739561983
K-Means (33_lexico),0.2381196877989827,-0.1839915056997557,1.1041368367490545
K-Means (33_random),0.2597893048869066,-0.1418714368364573,1.1513333414707738
K-Means (33_projection),0.4972217390064156,-0.0817781492675971,0.5286027407777256
K-Means (33_distance_0),-0.0799439515194524,-0.2307950344221514,0.7725683077311492
K-Means (33_angel_0),-0.0408578142946572,-0.2647113624861105,0.5584969718363244
K-Means (33_lexico),-0.1624974812414703,-0.1892722912443879,0.5145221238065372
K-Means (33_random),0.5961776202004061,-0.1719587520295706,0.4961220648600477
K-Means (33_projection),0.5167654844676125,-0.1758641790149366,2.165233657853902
K-Means (33_distance_0),-0.2179686375418941,-0.2398851126796422,0.4563328807017565
K-Means (33_angel_0),0.6220697911663605,-0.2587931243641972,0.638910588213155
K-Means (33_lexico),0.232087275579606,-0.1372269640953742,0.3477445121765393
K-Means (33_random),0.476820742524866,-0.1512974212164317,3.2063378441262342
K-Means (33_projection),-0.0448260344743005,-0.2814779051672374,0.6007803517109053
K-Means (33_distance_0),0.500663653028294,-0.1777326804684921,0.581661059387866
K-Means (33_angel_0),0.0935331687432304,-0.0537725533480557,0.5550180304821513
K-Means (33_lexico),0.4972217390064156,-0.0817781492675971,0.5286027407777256
K-Means (33_random),-0.2024968733967685,-0.2175815766499228,0.5478069173121912
K-Means (33_projection),-0.0676783860835364,-0.2078546802410926,1.6975632739074678
K-Means (33_distance_0),0.0853637130757612,-0.0566296664835916,9.050707633343414
K-Means (33_angel_0),-0.0837028449791733,-0.2569500833627404,0.5253502185510146
K-Means (33_lexico),0.0737981688027158,-0.2765895864653407,0.5006545423802293
K-Means (33_random),0.5250910885028872,-0.1529725177138228,2.797403272621452
K-Means (33_projection),0.3161681790329788,-0.2815634930955955,0.5680650952737994
K-Means (33_distance_0),-0.054105792260845,-0.1844663394450571,0.967801065640888
K-Means (33_angel_0),-0.0837028449791733,-0.2569500833627404,0.5253502185510146
K-Means (33_lexico),-0.0456577147523684,-0.3526789589817115,0.5723912488105275
K-Means (33_random),-0.0837028449791733,-0.2569500833627404,0.5253502185510146
K-Means (33_projection),-0.2060682956275655,-0.1462880325714234,0.4623959786472097
K-Means (33_distance_0),-0.0799439515194524,-0.2307950344221514,0.7725683077311492
K-Means (33_angel_0),-0.2101325084783533,-0.0185356299309357,0.5038619693436559
K-Means (33_lexico),0.1276483556455707,-0.0145644950846477,0.6628526377449541
K-Means (33_random),0.4972217390064156,-0.0817781492675971,0.5286027407777256
K-Means (33_projection),0.5444155939465931,-0.053173115893757,0.5173266166100954
K-Means (33_distance_0),-0.0557999377864971,-0.2021418805744068,0.4255756108917911
K-Means (33_angel_0),0.3161681790329788,-0.2815634930955955,0.5680650952737994
K-Means (33_lexico),0.232087275579606,-0.1372269640953742,0.3477445121765393
K-Means (33_random),0.1200185915793453,-0.1492061053021521,0.5666453136532186
K-Means (33_projection),-0.0837028449791733,-0.2569500833627404,0.5253502185510146
K-Means (33_distance_0),-0.0448260344743005,-0.2814779051672374,0.6007803517109053
K-Means (33_angel_0),-0.1129365279716554,-0.1897783380125987,1.171788493563863
K-Means (33_lexico),-0.0597181729429071,-0.1541517850753973,0.681126101041187
K-Means (33_random),0.0705793188931993,-0.3009739172087835,0.5346090696524318
K-Means (33_projection),0.0996825245055345,-0.0467655665261757,1.7993821113768675
K-Means (33_distance_0),0.500663653028294,-0.1777326804684921,0.581661059387866
K-Means (33_angel_0),-0.1399389500587652,-0.1707357667973497,0.7719324877653169
K-Means (33_lexico),0.2440916998778909,-0.166829035529914,2.8723463932204325
K-Means (33_random),0.500663653028294,-0.1777326804684921,0.581661059387866
K-Means (33_projection),0.6019196761044245,-0.2568041381373956,0.6871172539049278
K-Means (33_distance_0),-0.0448260344743005,-0.2814779051672374,0.6007803517109053
K-Means (33_angel_0),0.1859423678762696,-0.0381958359203107,2.436049220617684
K-Means (33_lexico),0.1542422179353807,-0.1477421460459507,0.556051935532127
K-Means (33_random),0.4972217390064156,-0.0817781492675971,0.5286027407777256
K-Means (33_projection),-0.3333670743241829,0.0333075666509756,0.5263276631505358
K-Means (33_distance_0),0.1171287691028821,-0.1116835144643366,1.930363463146207
K-Means (33_angel_0),0.5444155939465931,-0.053173115893757,0.5173266166100954
K-Means (33_lexico),-0.0598259143468549,-0.1980806181416635,0.4323227633502899
K-Means (33_random),0.2540121742782496,-0.2264654498997061,0.5920878480998351
K-Means (33_projection),0.3161681790329788,-0.2815634930955955,0.5680650952737994
K-Means (33_distance_0),0.500663653028294,-0.1777326804684921,0.581661059387866
K-Means (33_angel_0),-0.0448260344743005,-0.2814779051672374,0.6007803517109053
K-Means (33_lexico),0.6220697911663605,-0.2587931243641972,0.638910588213155
K-Means (33_random),-0.331727444621401,0.1267940064792564,0.5548345081189378
K-Means (33_projection),-0.0794317673578735,-0.2199701546646373,1.4740336589627656
K-Means (33_distance_0),0.1579793770549361,0.0572925920212548,0.6386503683216465
K-Means (33_angel_0),-0.0448260344743005,-0.2814779051672374,0.6007803517109053
Local Pivotal,0.6082649084466295,-0.273403021429896,0.5642879452927556
Wave,0.7275921748036883,-0.1305811103600421,0.7107618183184344
K-Means (33_lexico),-0.1636482193590784,-0.1773373048983366,1.8039174481704845
K-Means (33_random),0.1276483556455707,-0.0145644950846477,0.6628526377449541
K-Means (33_projection),-0.2060682956275655,-0.1462880325714234,0.4623959786472097
K-Means (33_distance_0),0.3161681790329788,-0.2815634930955955,0.5680650952737994
K-Means (33_angel_0),0.7424358561242541,-0.1611761771936313,4.531323548753623
Local Pivotal,0.2793655149574897,-0.1132099265224707,2.427191604395661
Wave,0.388790967081358,-0.1494949227390395,0.4145740847849183
K-Means (33_lexico),0.0500366639599234,-0.1882420312878865,0.9598346235801508
K-Means (33_random),0.500663653028294,-0.1777326804684921,0.581661059387866
K-Means (33_projection),-0.1399389500587652,-0.1707357667973497,0.7719324877653169
K-Means (33_distance_0),0.2340117468272428,-0.2635677116324755,0.5669760711917462
K-Means (33_angel_0),-0.0840219590291529,-0.0586561557145817,0.4638354396226841
Local Pivotal,0.2830881630547911,-0.2378771066717541,0.5149153792197559
Wave,0.4615727399711687,-0.3132799202388056,0.6206204158172146
K-Means (33_lexico),0.1814198261228504,-0.1632310489574732,2.415499618991628
K-Means (33_random),0.0571615494665741,-0.0489381544616486,1.4809988832442662
K-Means (33_projection),-0.2012760762822008,-0.107509186797093,5.926388611786896
K-Means (33_distance_0),0.5509009390894603,-0.1344013114544773,3.1249559883412528
K-Means (33_angel_0),0.1657932642944249,-0.1513228430718494,0.5959669088731339
Local Pivotal,0.3972272067992571,-0.1701463344305419,2.8407860585700853
Wave,0.2860372181324953,-0.0368182368999182,10.057865094175591
K-Means (33_lexico),0.3161681790329788,-0.2815634930955955,0.5680650952737994
K-Means (33_random),-0.1983656752265589,-0.1222597069308098,0.4754835202895657
K-Means (33_projection),-0.0837028449791733,-0.2569500833627404,0.5253502185510146
K-Means (33_distance_0),0.5403189054438382,-0.2466392278609927,1.9760138432032988
K-Means (33_angel_0),0.2540121742782496,-0.2264654498997061,0.5920878480998351
Local Pivotal,0.3199161238756546,-0.1087125132034922,2.9287173348593982
Wave,0.3412579927967129,-0.1713147605812227,0.2797744941000101
K-Means (33_lexico),-0.2060682956275655,-0.1462880325714234,0.4623959786472097
K-Means (33_random),0.5444155939465931,-0.053173115893757,0.5173266166100954
K-Means (33_projection),0.3161681790329788,-0.2815634930955955,0.5680650952737994
K-Means (33_distance_0),-0.0408578142946572,-0.2647113624861105,0.5584969718363244
K-Means (33_angel_0),0.0561363740579354,-0.2086507054670697,9.71887530848442
Local Pivotal,0.4840552485304639,-0.1698508748500656,0.8797742711322822
Wave,0.4597558794600145,-0.1540598841977245,0.4593313822366605
K-Means (33_lexico),0.1523775378047454,-0.1318608647990627,0.5704706241433252
K-Means (33_random),0.4972217390064156,-0.0817781492675971,0.5286027407777256
K-Means (33_projection),-0.1700820265846583,-0.132273011355135,0.9073103415587712
K-Means (33_distance_0),0.3161681790329788,-0.2815634930955955,0.5680650952737994
K-Means (33_angel_0),0.0111097356705299,-0.1635888454008882,5.496452708384447
Local Pivotal,0.2445261787721115,-0.2124929228424898,0.6052923100330785
Wave,-0.3372142030648662,-0.121140460863674,0.7029384585449248
K-Means (33_lexico),-0.0965297020734838,-0.2087025166491656,0.4655095937196895
K-Means (33_random),-0.3629313803369838,0.0040367496391051,0.7392344698612295
K-Means (33_projection),0.2344444862148643,-0.2863456506046495,0.5451949205456414
K-Means (33_distance_0),0.5517638706089965,-0.0619002434716093,0.4658356497508051
K-Means (33_angel_0),0.2597893048869066,-0.1418714368364573,1.1513333414707738
Local Pivotal,0.3035974013142603,-0.1632376783290384,0.4289864245329015
Wave,0.176795037672333,-0.1920723330205361,0.3656500732741775
K-Means (33_lexico),-0.0587048170527088,-0.194696570082713,0.5415046358266047
K-Means (33_random),-0.0456577147523684,-0.3526789589817115,0.5723912488105275
K-Means (33_projection),0.2340117468272428,-0.2635677116324755,0.5669760711917462
K-Means (33_distance_0),0.2540121742782496,-0.2264654498997061,0.592087848099835
K-Means (33_angel_0),-0.0947090088554099,-0.1665401616053722,1.953764146894993
Local Pivotal,-0.1472812447562646,-0.2542925608977757,0.5028777941912634
Wave,-0.1198100229750419,0.0061732010535679,0.5638606298603652
K-Means (33_lexico),0.078775636435007,-0.1874060633057441,0.8218278808817161
K-Means (33_random),-0.2721831893192542,-0.0789355527834858,1.419055544122581
K-Means (33_projection),-0.217675050585086,-0.2835010465286641,0.6038563265199497
K-Means (33_distance_0),-0.1399389500587652,-0.1707357667973497,0.7719324877653169
K-Means (33_angel_0),0.6220697911663605,-0.2587931243641972,0.638910588213155
Local Pivotal,-0.3192419830700103,-0.1284669788845943,0.5712885746376298
Wave,0.5344789510534729,-0.2067325062740702,0.5977424247519888
K-Means (33_lexico),0.5808766118632362,-0.2216794594805523,0.633958353530437
K-Means (33_random),-0.350341466196733,0.0147374738920317,2.0230520257297258
K-Means (33_projection),-0.0867457313948041,-0.2730116658982788,0.719575821082926
K-Means (33_distance_0),0.5390035077327759,-0.1168296744419236,2.334002701625251
K-Means (33_angel_0),-0.2109763934987187,-0.1954354307788228,1.0634411384705833
Local Pivotal,0.3161681790329788,-0.2815634930955955,0.5680650952737994
Wave,0.6906406672599759,-0.2282694896176815,4.522286618979986
K-Means (33_lexico),0.5087607322347106,-0.1533850807680725,1.5684608152807684
K-Means (33_random),-0.1439414846016874,-0.119280576939023,1.091701886462595
K-Means (33_projection),0.0902880710944347,-0.1422410814694184,0.7214357712660487
K-Means (33_distance_0),0.0517566687454795,-0.2709713168831844,0.5149695019045842
K-Means (33_angel_0),0.4972217390064156,-0.0817781492675971,0.5286027407777256
Local Pivotal,0.5064229529830998,-0.0935289419705817,0.7450161090436037
Wave,0.7144593375374327,-0.3075725807243527,0.6268102388968836
K-Means (33_lexico),0.4972217390064156,-0.0817781492675971,0.5286027407777256
K-Means (33_random),0.7283286135326105,-0.0934707566755191,0.8381964054736528
K-Means (33_projection),0.2597893048869066,-0.1418714368364573,1.1513333414707738
K-Means (33_distance_0),-0.1991285829536322,-0.1549582285420434,0.5052619112578195
K-Means (33_angel_0),0.6815540777586309,-0.1643648450971103,8.662334047070448
Local Pivotal,-0.1823551323236431,-0.0629356292255671,0.562630910622026
Wave,0.1011395352127442,-0.1725180671228734,0.5155501372489798
K-Means (33_lexico),-0.2060682956275655,-0.1462880325714234,0.4623959786472097
K-Means (33_random),-0.2742379104851321,-0.1272187535234285,0.6416832401468578
K-Means (33_projection),-0.3333670743241829,0.0333075666509756,0.5263276631505358
K-Means (33_distance_0),0.0517566687454795,-0.2709713168831844,0.5149695019045842
K-Means (33_angel_0),-0.0448260344743005,-0.2814779051672374,0.6007803517109053
Local Pivotal,0.1820833138272286,-0.0296151549308289,0.5177198062434795
Wave,0.1437381782325297,-0.1496314195987953,10.711655822308488
K-Means (33_lexico),0.5517638706089965,-0.0619002434716093,0.4658356497508051
K-Means (33_random),0.4549251010558763,-0.1350910055842001,0.658955977281227
K-Means (33_projection),-0.1399389500587652,-0.1707357667973497,0.7719324877653169
K-Means (33_distance_0),0.6019196761044245,-0.2568041381373956,0.6871172539049278
K-Means (33_angel_0),-0.0887538535127311,-0.2229981442339195,0.995883210040538
Local Pivotal,0.0495697835549849,-0.1336958924514903,1.5614203249911671
Wave,0.1191211035845463,-0.1455145302753373,10.118937808015064
K-Means (33_lexico),0.078775636435007,-0.1874060633057441,0.8218278808817161
K-Means (33_random),0.2340117468272428,-0.2635677116324755,0.5669760711917461
K-Means (33_projection),-0.2060682956275655,-0.1462880325714234,0.4623959786472097
K-Means (33_distance_0),0.4972217390064156,-0.0817781492675971,0.5286027407777256
K-Means (33_angel_0),-0.3319414850547644,-0.0097139147781926,1.0949161883228542
Local Pivotal,0.2011037041165854,-0.1914547034178512,2.490801296527166
Wave,-0.0683850154577543,-0.2022584918343589,2.4071908804753
K-Means (33_lexico),-0.0408578142946572,-0.2647113624861105,0.5584969718363244
K-Means (33_random),-0.205550301828062,-0.1142534577551847,0.9054448922444174
K-Means (33_projection),0.5517638706089965,-0.0619002434716093,0.4658356497508051
K-Means (33_distance_0),0.5800795426724076,-0.0466229279696074,1.6466561292049595
K-Means (33_angel_0),0.2344444862148643,-0.2863456506046495,0.5451949205456414
Local Pivotal,-0.098154932123145,-0.1662104690637758,0.567887286509999
Wave,0.1927479656526532,-0.3373094629404368,0.5651599999807944
K-Means (33_lexico),0.1523775378047454,-0.1318608647990627,0.5704706241433252
K-Means (33_random),0.1523775378047454,-0.1318608647990627,0.5704706241433252
K-Means (33_projection),0.734373789321229,-0.0355469468790493,0.785039579227562
K-Means (33_distance_0),-0.3307611636131471,-0.0101241445230336,2.8897663026877547
K-Means (33_angel_0),0.1657932642944249,-0.1513228430718494,0.5959669088731339
Local Pivotal,0.7394066356806134,-0.1129960413364402,1.4903467829094912
Wave,0.4335696694811101,-0.1336082904142836,1.943624404569157
K-Means (33_lexico),0.4625311019670701,-0.1196290704719008,1.3961492554063788
K-Means (33_random),-0.1769926694054698,-0.2260918583202189,0.7628712281149101
K-Means (33_projection),-0.2897928645775852,-0.1483245744170488,0.519421783988647
K-Means (33_distance_0),0.7804444800267327,-0.1624879919002153,0.8076541147459452
K-Means (33_angel_0),0.1200185915793453,-0.1492061053021521,0.5666453136532185
Local Pivotal,0.2101735102103471,-0.1748596367218488,1.9256749901748016
Wave,0.2177845457057511,-0.2140883086640094,1.7905807861425198
K-Means (33_lexico),-0.0587048170527088,-0.194696570082713,0.5415046358266047
K-Means (33_random),-0.0448260344743005,-0.2814779051672374,0.6007803517109053
K-Means (33_projection),-0.2060682956275655,-0.1462880325714234,0.4623959786472097
K-Means (33_distance_0),-0.0837028449791733,-0.2569500833627404,0.5253502185510146
K-Means (33_angel_0),0.734373789321229,-0.0355469468790493,0.785039579227562
Local Pivotal,0.2128810912134773,-0.2046909599475206,0.6065159458700466
Wave,0.1422444107876629,-0.1265792135553192,0.3156279933695654
K-Means (33_lexico),0.5808766118632362,-0.2216794594805523,0.633958353530437
K-Means (33_random),0.5622760810919565,-0.1836758880338243,1.5350753060686246
K-Means (33_projection),0.1428595228718995,-0.1973603959548645,1.90883766207338
K-Means (33_distance_0),-0.3333670743241829,0.0333075666509756,0.5263276631505358
K-Means (33_angel_0),-0.0840219590291529,-0.0586561557145817,0.4638354396226841
Local Pivotal,0.4894465331834147,-0.1697238209245745,0.6113223056980991
Wave,0.7073799074353946,-0.1658643943867838,0.8457455793939563
K-Means (33_lexico),0.3161681790329788,-0.2815634930955955,0.5680650952737994
K-Means (33_random),-0.0947090088554099,-0.1665401616053722,1.953764146894993
K-Means (33_projection),0.0293276715492303,-0.2126516982626561,4.232428953443062
K-Means (33_distance_0),0.6220697911663605,-0.2587931243641972,0.638910588213155
K-Means (33_angel_0),0.1200185915793453,-0.1492061053021521,0.5666453136532185
Local Pivotal,0.1898294619198011,-0.1030011483130442,0.7017729690253353
Wave,0.1214100964636412,-0.1664392359554343,0.4853719572046755
K-Means (33_lexico),-0.1858670793857365,-0.1463605359023109,0.5573310616712026
K-Means (33_random),-0.0323748943544269,-0.078817933126819,4.256294761467049
K-Means (33_projection),-0.1990931921087187,-0.1533211086198163,0.4795063031122193
K-Means (33_distance_0),-0.2109763934987187,-0.1954354307788228,1.0634411384705833
K-Means (33_angel_0),0.0331587982610607,-0.1834776765628618,0.6137273026812772
Local Pivotal,-0.0999068896852788,-0.1524791965679812,0.9709654465426614
Wave,0.0937444601346706,-0.2551347466346338,0.6282952051497891
K-Means (33_lexico),-0.0448260344743005,-0.2814779051672374,0.6007803517109053
K-Means (33_random),0.1302344760348536,-0.2501994440327119,3.5500989893655115
K-Means (33_projection),-0.0408578142946572,-0.2647113624861105,0.5584969718363244
K-Means (33_distance_0),0.4972217390064156,-0.0817781492675971,0.5286027407777256
K-Means (33_angel_0),0.2540121742782496,-0.2264654498997061,0.5920878480998351
Local Pivotal,-0.2369797501268167,-0.222510007779956,0.682701565835028
Wave,0.1344788160111151,-0.1740036683916782,0.6206592138368803
K-Means (33_lexico),-0.0678995077979862,-0.2624912586257534,0.7312769527626077
K-Means (33_random),-0.1912497831349962,-0.1654203375017454,0.5004481637987878
K-Means (33_projection),-0.1990931921087187,-0.1533211086198163,0.4795063031122193
K-Means (33_distance_0),-0.103519843057681,-0.2004785674303527,0.4861080708485956
K-Means (33_angel_0),0.5800795426724076,-0.0466229279696074,1.6466561292049595
Local Pivotal,-0.1290609344969587,-0.1804518677079649,1.2369179812166626
Wave,0.091777627350101,-0.2449331546315971,1.929707080752917
K-Means (33_lexico),0.0737981688027158,-0.2765895864653407,0.5006545423802293
K-Means (33_random),-0.2426933181251372,-0.040140323058945,0.663971168486161
K-Means (33_projection),-0.1983656752265589,-0.1222597069308098,0.4754835202895657
K-Means (33_distance_0),0.0517566687454795,-0.2709713168831844,0.5149695019045842
K-Means (33_angel_0),0.5087607322347106,-0.1533850807680725,1.5684608152807684
Local Pivotal,0.6256752341353606,-0.130919560039202,0.6875289178747073
Wave,0.312768559180166,-0.2079502017071533,0.822358216948152
K-Means (33_lexico),-0.0456577147523684,-0.3526789589817115,0.5723912488105275
K-Means (33_random),0.1523775378047454,-0.1318608647990627,0.5704706241433252
K-Means (33_projection),0.0935331687432304,-0.0537725533480557,0.5550180304821513
K-Means (33_distance_0),0.1922212891930867,-0.1829908513383953,0.4623433732603851
K-Means (33_angel_0),0.099979170167722,-0.1842711237947145,2.461161017595937
Local Pivotal,0.0774261383805885,-0.2783535521394644,0.5211257897444186
Wave,0.4735050774116108,-0.10497759127064,2.7309412788711183
K-Means (33_lexico),0.5087607322347106,-0.1533850807680725,1.5684608152807684
K-Means (33_random),0.5879358153051241,-0.1738043696560659,2.1860556019930204
K-Means (33_projection),0.709481863898256,-0.1343480823190692,0.8722017868336129
K-Means (33_distance_0),0.1523775378047454,-0.1318608647990627,0.5704706241433252
K-Means (33_angel_0),-0.0448260344743005,-0.2814779051672374,0.6007803517109053
Local Pivotal,0.4066760262249881,-0.1820045166010519,1.951712824685896
Wave,0.4340472755937388,-0.1903930484791408,0.6587848008527164
K-Means (33_lexico),0.7541488030559049,-0.1088631558792181,7.509204825324641
K-Means (33_random),-0.0837028449791733,-0.2569500833627404,0.5253502185510146
K-Means (33_projection),0.5768969933597257,-0.1533969210662704,2.349099194681865
K-Means (33_distance_0),-0.0837028449791733,-0.2569500833627404,0.5253502185510146
K-Means (33_angel_0),-0.3156762951334349,-0.0112427210489845,1.564166328557176
Local Pivotal,0.1390017119564515,-0.0842793380747125,1.7713643831923571
Wave,0.2150600898887874,-0.1973420640980075,0.3902969552116572
K-Means (33_lexico),0.1542422179353807,-0.1477421460459507,0.556051935532127
K-Means (33_random),0.6220697911663605,-0.2587931243641972,0.638910588213155
K-Means (33_projection),-0.1700820265846583,-0.132273011355135,0.9073103415587712
K-Means (33_distance_0),0.709481863898256,-0.1343480823190692,0.8722017868336129
K-Means (33_angel_0),-0.0408578142946572,-0.2647113624861105,0.5584969718363245
Local Pivotal,0.1588693428736933,-0.3507605707489196,0.5420468327442685
Wave,0.1377868905002016,-0.3146155906447296,0.6019442471299402
K-Means (33_lexico),-0.0587048170527088,-0.194696570082713,0.5415046358266047
K-Means (33_random),0.2976376177865949,-0.0941250796701329,0.6451375727524067
K-Means (33_projection),0.305338120107073,-0.2468016265068705,2.5392153959217123
K-Means (33_distance_0),-0.054105792260845,-0.1844663394450571,0.967801065640888
K-Means (33_angel_0),-0.1399389500587652,-0.1707357667973497,0.7719324877653169
Local Pivotal,0.2059462289492847,-0.1082203286235118,0.8492728703990342
Wave,0.5022846986592583,-0.174428677165762,0.6428518661920499
K-Means (33_lexico),-0.0448260344743005,-0.2814779051672374,0.6007803517109053
K-Means (33_random),0.6220697911663605,-0.2587931243641972,0.638910588213155
K-Means (33_projection),0.0869056105587358,-0.0095531274073605,3.0188872094659014
K-Means (33_distance_0),0.709481863898256,-0.1343480823190692,0.8722017868336129
K-Means (33_angel_0),0.1200185915793453,-0.1492061053021521,0.5666453136532185
Local Pivotal,-0.118781902030869,-0.224412525584339,0.4115230020989582
Wave,0.2810459115790413,-0.1817548040635453,0.4954294582238281
K-Means (33_lexico),0.1542422179353807,-0.1477421460459507,0.556051935532127
K-Means (33_random),-0.3298835268642746,0.0330746017499927,0.5414881131110362
K-Means (33_projection),0.2540121742782496,-0.2264654498997061,0.5920878480998351
K-Means (33_distance_0),0.4972217390064156,-0.0817781492675971,0.5286027407777256
K-Means (33_angel_0),0.3161681790329788,-0.2815634930955955,0.5680650952737994
Local Pivotal,0.3608494744324546,-0.1439028018226295,0.8467147615309787
Wave,0.2344444862148643,-0.2863456506046495,0.5451949205456414
K-Means (33_lexico),0.4972217390064156,-0.0817781492675971,0.5286027407777256
K-Means (33_random),0.0902880710944347,-0.1422410814694184,0.7214357712660487
K-Means (33_projection),-0.0913030326409468,-0.0826604272956945,9.0729838316405
K-Means (33_distance_0),0.0517566687454795,-0.2709713168831844,0.5149695019045842
K-Means (33_angel_0),0.2340117468272428,-0.2635677116324755,0.5669760711917462
Local Pivotal,0.0862826063293576,-0.1646428462105462,0.5855738407973825
Wave,0.1442664031488716,-0.2532191307193548,0.4767253695817551
K-Means (33_lexico),-0.2603436427120732,-0.0322922168264126,1.421263442746553
K-Means (33_random),0.734373789321229,-0.0355469468790493,0.785039579227562
K-Means (33_projection),-0.0448260344743005,-0.2814779051672374,0.6007803517109053
K-Means (33_distance_0),0.1523775378047454,-0.1318608647990627,0.5704706241433252
K-Means (33_angel_0),-0.0456577147523684,-0.3526789589817115,0.5723912488105276
Local Pivotal,0.44407749379181,-0.1782597645011692,0.5710497602688192
Wave,0.4710966386711759,-0.2613929688138841,0.5776508359566485
K-Means (33_lexico),0.3161681790329788,-0.2815634930955955,0.5680650952737994
K-Means (33_random),0.3161681790329788,-0.2815634930955955,0.5680650952737994
K-Means (33_projection),-0.1700820265846583,-0.132273011355135,0.9073103415587712
K-Means (33_distance_0),0.5403189054438382,-0.2466392278609927,1.976013843203299
K-Means (33_angel_0),-0.2615528558847855,-0.0463844314839114,1.100777043607026
Local Pivotal,0.7150960538924649,-0.2371112359169019,1.5964530233677092
Wave,0.3937916185268421,-0.2229364852120511,0.7115011026759857
K-Means (33_lexico),0.078775636435007,-0.1874060633057441,0.8218278808817161
K-Means (33_random),0.1200185915793453,-0.1492061053021521,0.5666453136532185
K-Means (33_projection),-0.0799439515194524,-0.2307950344221514,0.7725683077311492
K-Means (33_distance_0),0.0270709284069743,-0.2283042975931006,0.6730460539879332
K-Means (33_angel_0),-0.0448260344743005,-0.2814779051672374,0.6007803517109053
Local Pivotal,0.1170039938981267,-0.2249238435898828,0.4473981673645651
Wave,0.7812965421206226,-0.1729025871906975,1.9325137416506653
K-Means (33_lexico),-0.1152599059733064,-0.2341154192972905,0.5132048512258706
K-Means (33_random),0.3161681790329788,-0.2815634930955955,0.5680650952737994
K-Means (33_projection),-0.0557999377864971,-0.2021418805744068,0.4255756108917911
K-Means (33_distance_0),0.078775636435007,-0.1874060633057441,0.8218278808817161
K-Means (33_angel_0),-0.3333670743241829,0.0333075666509756,0.5263276631505358
Local Pivotal,-0.0938383517342634,-0.1671096148155603,0.4053034127391619
Wave,0.1465903070754157,-0.3492179106225007,0.551189463478062
K-Means (33_lexico),-0.0801314371522308,-0.1862883084302435,0.7264542701883473
K-Means (33_random),0.734373789321229,-0.0355469468790493,0.785039579227562
K-Means (33_projection),0.1922212891930867,-0.1829908513383953,0.4623433732603851
K-Means (33_distance_0),0.0723816068468345,-0.1682987237213796,2.293359873049424
K-Means (33_angel_0),0.3161681790329788,-0.2815634930955955,0.5680650952737994
Local Pivotal,-0.1538730765350928,-0.1275700126560568,0.613424522213569
Wave,-0.1257554727921717,-0.1788946344441297,1.1296975415510264
K-Means (33_lexico),0.1523775378047454,-0.1318608647990627,0.5704706241433252
K-Means (33_random),0.0506542454738195,-0.2837274858064907,0.5236239525048868
K-Means (33_projection),-0.0837028449791733,-0.2569500833627404,0.5253502185510146
K-Means (33_distance_0),0.2540121742782496,-0.2264654498997061,0.5920878480998351
K-Means (33_angel_0),-0.1399389500587652,-0.1707357667973497,0.7719324877653169
Local Pivotal,0.5780415693831349,-0.1668430454129958,0.6280005942767828
Wave,0.3937916185268421,-0.2229364852120511,0.7115011026759857
K-Means (33_lexico),0.232087275579606,-0.1372269640953742,0.3477445121765393
K-Means (33_random),0.1200185915793453,-0.1492061053021521,0.5666453136532185
K-Means (33_projection),-0.0448260344743005,-0.2814779051672374,0.6007803517109053
K-Means (33_distance_0),0.1523775378047454,-0.1318608647990627,0.5704706241433252
K-Means (33_angel_0),0.1957102249507985,-0.1066385703839929,8.783166824838803
Local Pivotal,0.2430164505699427,-0.0655348651373105,0.5796815464721023
Wave,0.4427494379003734,-0.3804748228503878,0.5786698642342526
K-Means (33_lexico),0.1542422179353807,-0.1477421460459507,0.556051935532127
K-Means (33_random),-0.0456577147523684,-0.3526789589817115,0.5723912488105275
K-Means (33_projection),-0.0448260344743005,-0.2814779051672374,0.6007803517109053
K-Means (33_distance_0),-0.0597181729429071,-0.1541517850753973,0.681126101041187
K-Means (33_angel_0),0.734373789321229,-0.0355469468790493,0.785039579227562
Local Pivotal,-0.1615732999928966,-0.1937624804185821,0.5073190683460352
Wave,-0.1731024821346199,-0.1363352065629879,0.5643592722050375
K-Means (33_lexico),-0.3319414850547644,-0.0097139147781926,1.0949161883228542
K-Means (33_random),0.500663653028294,-0.1777326804684921,0.581661059387866
K-Means (33_projection),0.2540121742782496,-0.2264654498997061,0.5920878480998351
K-Means (33_distance_0),0.71946901982494,-0.1419936274834053,10.258200808628663
K-Means (33_angel_0),0.500663653028294,-0.1777326804684921,0.581661059387866
Local Pivotal,0.16111463391472,-0.1355554684607238,0.6559074703617014
Wave,0.2459279182070858,-0.1641253812525488,0.6192793641403953
K-Means (33_lexico),0.0737981688027158,-0.2765895864653407,0.5006545423802293
K-Means (33_random),0.0902880710944347,-0.1422410814694184,0.7214357712660487
K-Means (33_projection),-0.0414814240124572,-0.1677126199330446,1.5663103306632125
K-Means (33_distance_0),-0.0837028449791733,-0.2569500833627404,0.5253502185510146
K-Means (33_angel_0),0.1922212891930867,-0.1829908513383953,0.4623433732603851
Local Pivotal,0.1261736290770058,-0.3051763304357601,0.4672976675988426
Wave,-0.1537390746442382,-0.1924195438816076,0.5665712475802294
K-Means (33_lexico),0.0996825245055345,-0.0467655665261757,1.7993821113768675
K-Means (33_random),-0.0776405057978871,-0.1876502812655469,1.5441122244857228
K-Means (33_projection),-0.2046714628560688,-0.1834926742525249,0.4195367859731
K-Means (33_distance_0),0.0270709284069743,-0.2283042975931006,0.6730460539879332
K-Means (33_angel_0),-0.1399389500587652,-0.1707357667973497,0.7719324877653169
Local Pivotal,0.5768589237368079,-0.2206453619763585,0.7772236137044802
Wave,0.575581187542696,-0.2283827023009315,2.1646898729289807
K-Means (33_lexico),-0.0837028449791733,-0.2569500833627404,0.5253502185510146
K-Means (33_random),-0.2060682956275655,-0.1462880325714234,0.4623959786472097
K-Means (33_projection),0.5444155939465931,-0.053173115893757,0.5173266166100954
K-Means (33_distance_0),-0.0837028449791733,-0.2569500833627404,0.5253502185510146
K-Means (33_angel_0),0.0853637130757612,-0.0566296664835916,9.050707633343414
Local Pivotal,0.2911678589011696,-0.2063403143156535,0.9359939763192316
Wave,0.1860658056303581,-0.1929581372609812,0.3192388031953806
K-Means (33_lexico),-0.0456577147523684,-0.3526789589817115,0.5723912488105275
K-Means (33_random),0.323913755237204,-0.0201284014200265,0.6574679848925771
K-Means (33_projection),0.6019196761044245,-0.2568041381373956,0.6871172539049278
K-Means (33_distance_0),0.500663653028294,-0.1777326804684921,0.581661059387866
K-Means (33_angel_0),-0.0587048170527088,-0.194696570082713,0.5415046358266047
Local Pivotal,0.1090495244172659,-0.2759629002106815,0.5463250597366581
Wave,0.122093556504649,-0.1780108343183686,0.8250149844862869
K-Means (33_lexico),0.3161681790329788,-0.2815634930955955,0.5680650952737994
K-Means (33_random),0.232087275579606,-0.1372269640953742,0.3477445121765393
K-Means (33_projection),0.0869056105587358,-0.0095531274073605,3.0188872094659014
K-Means (33_distance_0),0.0517566687454795,-0.2709713168831844,0.5149695019045842
K-Means (33_angel_0),0.5809286054960962,-0.1659985024333825,2.3823224972826207
Local Pivotal,0.1627766669284616,-0.1320379264646483,0.400406023265031
Wave,0.2508867009592704,-0.1887029733275592,0.7573578559747381
K-Means (33_lexico),0.0500366639599234,-0.1882420312878865,0.9598346235801508
K-Means (33_random),0.0935331687432304,-0.0537725533480557,0.5550180304821513
K-Means (33_projection),0.0270709284069743,-0.2283042975931006,0.6730460539879332
K-Means (33_distance_0),0.5444155939465931,-0.053173115893757,0.5173266166100954
K-Means (33_angel_0),0.2540121742782496,-0.2264654498997061,0.5920878480998351
Local Pivotal,0.5535965405986268,-0.0660011494550523,0.5380229885582638
Wave,0.1678064335939843,-0.3401072950876337,0.5411215240711307
K-Means (33_lexico),-0.0587048170527088,-0.194696570082713,0.5415046358266047
K-Means (33_random),-0.0448260344743005,-0.2814779051672374,0.6007803517109053
K-Means (33_projection),-0.3307611636131471,-0.0101241445230336,2.8897663026877547
K-Means (33_distance_0),0.3161681790329788,-0.2815634930955955,0.5680650952737994
K-Means (33_angel_0),-0.0557999377864971,-0.2021418805744068,0.4255756108917911
Local Pivotal,0.4354974379760781,0.0568436539453443,0.3451059538104437
Wave,0.1502270662427578,-0.2248033689660339,0.5849911716175343
K-Means (33_lexico),-0.1233070068366522,-0.1578702142051588,2.583196701614071
K-Means (33_random),0.500663653028294,-0.1777326804684921,0.581661059387866
K-Means (33_projection),0.0784349039983368,-0.0475108310292153,2.3462353091556265
K-Means (33_distance_0),-0.1700820265846583,-0.132273011355135,0.9073103415587712
K-Means (33_angel_0),0.1523775378047454,-0.1318608647990627,0.5704706241433252
Local Pivotal,0.2406410260902634,-0.1744654595201345,8.712626533156635
Wave,0.2007102534755321,-0.2363140631709266,0.4932680511702848
K-Means (33_lexico),-0.0587048170527088,-0.194696570082713,0.5415046358266047
K-Means (33_random),0.1496619586646426,-0.1610288390694655,2.8908919761639607
K-Means (33_projection),-0.3307611636131471,-0.0101241445230336,2.8897663026877547
K-Means (33_distance_0),-0.0837028449791733,-0.2569500833627404,0.5253502185510146
K-Means (33_angel_0),0.5629202729032174,-0.1582670261857326,1.705836682107487
Local Pivotal,0.1747116299694375,-0.149585913553076,0.5578193199177929
Wave,0.3576285966653863,-0.2873612619581501,0.6176346316051758
K-Means (33_lexico),-0.2060682956275655,-0.1462880325714234,0.4623959786472097
K-Means (33_random),0.476820742524866,-0.1512974212164317,3.206337844126234
K-Means (33_projection),-0.0448260344743005,-0.2814779051672374,0.6007803517109053
K-Means (33_distance_0),-0.0837028449791733,-0.2569500833627404,0.5253502185510146
K-Means (33_angel_0),-0.0597181729429071,-0.1541517850753973,0.681126101041187
Local Pivotal,0.216184055985911,-0.135129886031843,2.8847456101128803
Wave,-0.2401803141775199,-0.1669825234713066,1.9578104726778487
K-Means (33_lexico),0.7424358561242541,-0.1611761771936313,4.531323548753623
K-Means (33_random),0.4839208211850146,-0.1785318374685048,0.6505571430927743
K-Means (33_projection),-0.1399389500587652,-0.1707357667973497,0.7719324877653169
K-Means (33_distance_0),-0.0947090088554099,-0.1665401616053722,1.953764146894993
K-Means (33_angel_0),0.2540121742782496,-0.2264654498997061,0.5920878480998351
Local Pivotal,0.0624587796149375,-0.1929272624677573,6.439714054552977
Wave,0.0978516046692112,-0.2253730585808564,11.70058423469013
K-Means (33_lexico),-0.2060682956275655,-0.1462880325714234,0.4623959786472097
K-Means (33_random),-0.0845406153892261,-0.2675662338064502,0.9336890075858616
K-Means (33_projection),0.0270709284069743,-0.2283042975931006,0.6730460539879332
K-Means (33_distance_0),0.3497325768913638,-0.2463012151694615,2.8742194762236988
K-Means (33_angel_0),-0.0837028449791733,-0.2569500833627404,0.5253502185510146
Local Pivotal,0.2843667487837257,-0.1162877789067374,0.3085270558230711
Wave,0.2123925338470747,-0.1595529715722673,3.971469318678877
K-Means (33_lexico),-0.1624974812414703,-0.1892722912443879,0.5145221238065372
K-Means (33_random),-0.0597181729429071,-0.1541517850753973,0.681126101041187
K-Means (33_projection),0.0517566687454795,-0.2709713168831844,0.5149695019045842
K-Means (33_distance_0),-0.155094445696239,-0.1901118088061326,1.0502343146217747
K-Means (33_angel_0),0.1922212891930867,-0.1829908513383953,0.4623433732603851
Local Pivotal,0.6036052413312789,-0.1890866982333865,0.4193273137287619
Wave,0.7430034893697224,-0.1804367687844527,4.500180297153924
K-Means (33_lexico),0.2041957360324289,-0.1132582571060785,8.745153964017469
K-Means (33_random),0.2381196877989827,-0.1839915056997557,1.1041368367490545
K-Means (33_projection),0.4972217390064156,-0.0817781492675971,0.5286027407777256
K-Means (33_distance_0),0.2340117468272428,-0.2635677116324755,0.5669760711917462
K-Means (33_angel_0),0.1135161364299515,-0.2453707467029104,3.5376381700297785
Local Pivotal,0.3996803967596763,-0.1983890651923894,0.5187052777743677
Wave,0.6795161856865298,-0.1583455994028825,1.4575366900127864
K-Means (33_lexico),-0.2426933181251372,-0.040140323058945,0.663971168486161
K-Means (33_random),-0.1251993149314299,-0.184076633409178,1.2345060398713794
K-Means (33_projection),-0.0448260344743005,-0.2814779051672374,0.6007803517109053
K-Means (33_distance_0),0.6220697911663605,-0.2587931243641972,0.638910588213155
K-Means (33_angel_0),0.0270709284069743,-0.2283042975931006,0.6730460539879332
Local Pivotal,0.3522511282167244,-0.2243250617701184,0.5203273904304183
Wave,0.2395842964678598,-0.1759935429215587,0.2400695040944825
K-Means (33_lexico),0.232087275579606,-0.1372269640953742,0.3477445121765393
K-Means (33_random),0.5104029527085772,-0.1580832736443649,2.3764782485049785
K-Means (33_projection),-0.2179686375418941,-0.2398851126796422,0.4563328807017565
K-Means (33_distance_0),-0.3307611636131471,-0.0101241445230336,2.8897663026877547
K-Means (33_angel_0),0.2340117468272428,-0.2635677116324755,0.5669760711917461
Local Pivotal,-0.0766797126095256,-0.1382634303717226,0.9045104519559536
Wave,0.4792965242023944,-0.0920103691998408,0.5846299880741838
K-Means (33_lexico),-0.1624974812414703,-0.1892722912443879,0.5145221238065372
K-Means (33_random),0.5961776202004061,-0.1719587520295706,0.4961220648600477
K-Means (33_projection),0.2540121742782496,-0.2264654498997061,0.592087848099835
K-Means (33_distance_0),0.4972217390064156,-0.0817781492675971,0.5286027407777256
K-Means (33_angel_0),0.5403189054438382,-0.2466392278609927,1.976013843203299
Local Pivotal,0.1791634763508205,-0.1740740066950688,0.4650581892865122
Wave,0.1745924251721111,-0.2853577147919384,0.5336047072118714
K-Means (33_lexico),0.4972217390064156,-0.0817781492675971,0.5286027407777256
K-Means (33_random),0.1200185915793453,-0.1492061053021521,0.5666453136532186
K-Means (33_projection),0.6220697911663605,-0.2587931243641972,0.638910588213155
K-Means (33_distance_0),0.500663653028294,-0.1777326804684921,0.581661059387866
K-Means (33_angel_0),0.1820856462479002,-0.1567242465850482,0.5619663889918407
Local Pivotal,0.06734371411138,-0.2634504617900287,0.610274001672292
Wave,0.2395379365768907,-0.2413070061105115,0.6468042033917313
K-Means (33_lexico),0.4972217390064156,-0.0817781492675971,0.5286027407777256
K-Means (33_random),-0.2046714628560688,-0.1834926742525249,0.4195367859731
K-Means (33_projection),-0.0408578142946572,-0.2647113624861105,0.5584969718363244
K-Means (33_distance_0),-0.1700820265846583,-0.132273011355135,0.9073103415587712
K-Means (33_angel_0),0.2540121742782496,-0.2264654498997061,0.592087848099835
Local Pivotal,0.2894909308771298,-0.1810710946707286,10.414114923196044
Wave,0.1716257399400037,-0.2017061793255843,0.4222142560453111
K-Means (33_lexico),-0.0801314371522308,-0.1862883084302435,0.7264542701883473
K-Means (33_random),-0.0448260344743005,-0.2814779051672374,0.6007803517109053
K-Means (33_projection),-0.2046714628560688,-0.1834926742525249,0.4195367859731
K-Means (33_distance_0),0.078775636435007,-0.1874060633057441,0.8218278808817161
K-Means (33_angel_0),0.0571615494665741,-0.0489381544616486,1.4809988832442662
Local Pivotal,0.1092078332970968,-0.1541351053198163,0.538349732294316
Wave,0.3987540042041589,-0.2105948920001116,0.559030036379526
K-Means (33_lexico),-0.2024968733967685,-0.2175815766499228,0.5478069173121912
K-Means (33_random),0.1523775378047454,-0.1318608647990627,0.5704706241433252
K-Means (33_projection),-0.0456577147523684,-0.3526789589817115,0.5723912488105275
K-Means (33_distance_0),0.2540121742782496,-0.2264654498997061,0.5920878480998351
K-Means (33_angel_0),0.1523775378047454,-0.1318608647990627,0.5704706241433252
Local Pivotal,0.5800631649096605,-0.2026741524480819,0.5546217670558379
Wave,0.1086875081531232,-0.1461192846994511,2.866577061857514
K-Means (33_lexico),0.4972217390064156,-0.0817781492675971,0.5286027407777256
K-Means (33_random),-0.1356483805210588,-0.1737188068255504,2.406186528899813
K-Means (33_projection),0.2763374283715319,-0.1715851902591916,2.879279904470699
K-Means (33_distance_0),-0.0448260344743005,-0.2814779051672374,0.6007803517109053
K-Means (33_angel_0),-0.155094445696239,-0.1901118088061326,1.0502343146217747
Local Pivotal,0.1478116850033016,-0.0380742014330438,0.4137974475829535
Wave,0.2326010400649188,-0.1686426702310015,0.61554824010153
K-Means (33_lexico),0.15108478934795,-0.049067016329499,2.2267325442954045
K-Means (33_random),0.1820856462479002,-0.1567242465850482,0.5619663889918407
K-Means (33_projection),0.6220697911663605,-0.2587931243641972,0.638910588213155
K-Means (33_distance_0),0.5444155939465931,-0.053173115893757,0.5173266166100954
K-Means (33_angel_0),0.2540121742782496,-0.2264654498997061,0.5920878480998351
Local Pivotal,0.1676849239313043,-0.2130898477849019,0.5215984798924084
Wave,-0.0343249241980481,-0.3115654664182227,0.5165479715375719
K-Means (33_lexico),-0.2024968733967685,-0.2175815766499228,0.5478069173121912
K-Means (33_random),-0.060151067833993,-0.1844451396761681,2.305368233303028
K-Means (33_projection),0.078775636435007,-0.1874060633057441,0.8218278808817161
K-Means (33_distance_0),0.0517566687454795,-0.2709713168831844,0.5149695019045842
K-Means (33_angel_0),0.5175287651241587,-0.1301895931859321,8.00129694138309
Local Pivotal,0.2615347061873014,-0.0497298209983554,2.742316727591492
Wave,0.1455701067434205,-0.1697583846188533,10.086553837183336
K-Means (33_lexico),-0.0587048170527088,-0.194696570082713,0.5415046358266047
K-Means (33_random),0.0517566687454795,-0.2709713168831844,0.5149695019045842
K-Means (33_projection),-0.0408578142946572,-0.2647113624861105,0.5584969718363244
K-Means (33_distance_0),0.1523775378047454,-0.1318608647990627,0.5704706241433252
K-Means (33_angel_0),-0.2046714628560688,-0.1834926742525249,0.4195367859731
Local Pivotal,0.2964039249329772,-0.2590959208715606,0.4701147998449583
Wave,0.1506587254477627,-0.2431341425387111,4.203165200471859
K-Means (33_lexico),0.500663653028294,-0.1777326804684921,0.581661059387866
K-Means (33_random),-0.1289865470584623,-0.1693783528273648,1.6177346123876044
K-Means (33_projection),-0.0448260344743005,-0.2814779051672374,0.6007803517109053
K-Means (33_distance_0),0.2340117468272428,-0.2635677116324755,0.5669760711917461
K-Means (33_angel_0),0.099979170167722,-0.1842711237947145,2.461161017595937
Local Pivotal,-0.2257032665082601,-0.2455820006587803,0.9805177343517848
Wave,-0.0912492695756581,-0.3002493213384504,0.4739592896007817
K-Means (33_lexico),-0.1152599059733064,-0.2341154192972905,0.5132048512258706
K-Means (33_random),0.5403189054438382,-0.2466392278609927,1.9760138432032988
K-Means (33_projection),-0.0676783860835364,-0.2078546802410926,1.6975632739074678
K-Means (33_distance_0),-0.0587048170527088,-0.194696570082713,0.5415046358266047
K-Means (33_angel_0),0.5403189054438382,-0.2466392278609927,1.9760138432032988
Local Pivotal,0.2068366236503337,-0.1895828557093604,0.5686252606423533
Wave,0.0705793188931993,-0.3009739172087835,0.5346090696524318
K-Means (33_lexico),-0.2024968733967685,-0.2175815766499228,0.5478069173121912
K-Means (33_random),0.3161681790329788,-0.2815634930955955,0.5680650952737994
K-Means (33_projection),-0.1700820265846583,-0.132273011355135,0.9073103415587712
K-Means (33_distance_0),0.3497325768913638,-0.2463012151694615,2.8742194762236988
K-Means (33_angel_0),0.4972217390064156,-0.0817781492675971,0.5286027407777256
Local Pivotal,-0.2921268960100355,-0.1200761459733321,2.993040479909442
Wave,0.3929014231763591,-0.1363738618927925,0.6645640391962176
K-Means (33_lexico),-0.2060682956275655,-0.1462880325714234,0.4623959786472097
K-Means (33_random),-0.2179399012721088,-0.0248400920724782,0.4915306166995299
K-Means (33_projection),-0.0840219590291529,-0.0586561557145817,0.4638354396226841
K-Means (33_distance_0),0.709481863898256,-0.1343480823190692,0.8722017868336129
K-Means (33_angel_0),-0.0837028449791733,-0.2569500833627404,0.5253502185510146
Local Pivotal,0.7098202659832207,-0.228166060053542,0.7674077562895822
Wave,0.4971321228333203,-0.2189032761331354,0.6490936699583483
K-Means (33_lexico),-0.0801314371522308,-0.1862883084302435,0.7264542701883473
K-Means (33_random),-0.0448260344743005,-0.2814779051672374,0.6007803517109053
K-Means (33_projection),-0.3333670743241829,0.0333075666509756,0.5263276631505358
K-Means (33_distance_0),-0.1700820265846583,-0.132273011355135,0.9073103415587712
K-Means (33_angel_0),-0.0557999377864971,-0.2021418805744068,0.4255756108917911
Local Pivotal,-0.1437973346505509,-0.0876996469350976,0.5978729510411518
Wave,-0.0494121785802547,-0.2289207175915314,1.5738619227568371
K-Means (33_lexico),-0.1636482193590784,-0.1773373048983366,1.8039174481704845
K-Means (33_random),-0.0414814240124572,-0.1677126199330446,1.5663103306632125
K-Means (33_projection),0.2340117468272428,-0.2635677116324755,0.5669760711917461
K-Means (33_distance_0),0.6220697911663605,-0.2587931243641972,0.638910588213155
K-Means (33_angel_0),0.078775636435007,-0.1874060633057441,0.8218278808817161
Local Pivotal,-0.215526779998266,-0.0653708155174892,0.5731749340699348
Wave,0.5414609720807868,-0.1617549145278199,2.7978388405071226
K-Means (33_lexico),0.1302344760348536,-0.2501994440327119,3.5500989893655115
K-Means (33_random),-0.0456577147523684,-0.3526789589817115,0.5723912488105275
K-Means (33_projection),0.1523775378047454,-0.1318608647990627,0.5704706241433252
K-Means (33_distance_0),0.5444155939465931,-0.053173115893757,0.5173266166100954
K-Means (33_angel_0),-0.2046714628560688,-0.1834926742525249,0.4195367859731
Local Pivotal,0.8325393233146332,-0.1618020990012776,4.565711613247252
Wave,0.0301950190075331,-0.4014249796868205,0.6259159794413962
K-Means (33_lexico),-0.0456577147523684,-0.3526789589817115,0.5723912488105275
K-Means (33_random),0.734373789321229,-0.0355469468790493,0.785039579227562
K-Means (33_projection),0.1135161364299515,-0.2453707467029104,3.5376381700297785
K-Means (33_distance_0),-0.0408578142946572,-0.2647113624861105,0.5584969718363244
K-Means (33_angel_0),0.0270709284069743,-0.2283042975931006,0.6730460539879332
Local Pivotal,0.4345997562910756,-0.1696425284220596,0.5984262263459311
Wave,-0.1242210486975335,-0.0729857852975821,0.3935199379161522
K-Means (33_lexico),-0.1624974812414703,-0.1892722912443879,0.5145221238065372
K-Means (33_random),0.0635717815998281,-0.2899774803773316,0.5179006795309806
K-Means (33_projection),0.500663653028294,-0.1777326804684921,0.581661059387866
K-Means (33_distance_0),-0.0448260344743005,-0.2814779051672374,0.6007803517109053
K-Means (33_angel_0),0.3161681790329788,-0.2815634930955955,0.5680650952737994
Local Pivotal,0.2743401485979849,-0.1238374238701542,0.587625380983702
Wave,-0.0885735106959765,-0.2277935531578167,0.4346593703302208
K-Means (33_lexico),-0.2060682956275655,-0.1462880325714234,0.4623959786472097
K-Means (33_random),-0.0913691883881571,-0.1665716052367185,1.2794531208680633
K-Means (33_projection),-0.0448260344743005,-0.2814779051672374,0.6007803517109053
K-Means (33_distance_0),0.0853637130757612,-0.0566296664835916,9.050707633343412
K-Means (33_angel_0),-0.1476726836687343,-0.0752314456712994,1.0708239570227012
Local Pivotal,0.7219150077479255,0.0467237417732272,2.8222479722274803
Wave,0.4700201801228467,-0.2171938687207317,2.137815411719296
K-Means (33_lexico),-0.0587048170527088,-0.194696570082713,0.5415046358266047
K-Means (33_random),0.1126058868979999,-0.2670894692155423,0.5566180427664513
K-Means (33_projection),-0.1399389500587652,-0.1707357667973497,0.7719324877653169
K-Means (33_distance_0),-0.0840219590291529,-0.0586561557145817,0.4638354396226841
K-Means (33_angel_0),0.1820856462479002,-0.1567242465850482,0.5619663889918407
Local Pivotal,-0.1807788183056018,-0.1679424655705972,0.6111305368314868
Wave,0.151277675410829,-0.1815359966524861,1.769688350429565
K-Means (33_lexico),-0.2024968733967685,-0.2175815766499228,0.5478069173121912
K-Means (33_random),-0.0408578142946572,-0.2647113624861105,0.5584969718363244
K-Means (33_projection),-0.0597181729429071,-0.1541517850753973,0.681126101041187
K-Means (33_distance_0),0.1135161364299515,-0.2453707467029104,3.5376381700297785
K-Means (33_angel_0),-0.1700820265846583,-0.132273011355135,0.9073103415587712
Local Pivotal,0.1701032088226895,-0.1023540755862636,0.5565796679866685
Wave,0.6454790505368775,-0.2700495756191698,0.7089097035048688
K-Means (33_lexico),-0.0587048170527088,-0.194696570082713,0.5415046358266047
K-Means (33_random),-0.0448260344743005,-0.2814779051672374,0.6007803517109053
K-Means (33_projection),0.5444155939465931,-0.053173115893757,0.5173266166100954
K-Means (33_distance_0),-0.3333670743241829,0.0333075666509756,0.5263276631505358
K-Means (33_angel_0),0.5768969933597257,-0.1533969210662704,2.349099194681865
Local Pivotal,0.3894379627334871,-0.0681160679715702,0.6661849581050943
Wave,0.1270561715881187,-0.1283804525990457,0.5364788300171887
K-Means (33_lexico),-0.0547882033104315,-0.1615972146143193,2.23857462547618
K-Means (33_random),-0.2615528558847855,-0.0463844314839114,1.100777043607026
K-Means (33_projection),0.5444155939465931,-0.053173115893757,0.5173266166100954
K-Means (33_distance_0),-0.0840219590291529,-0.0586561557145817,0.4638354396226841
K-Means (33_angel_0),0.2540121742782496,-0.2264654498997061,0.5920878480998351
Local Pivotal,0.5349956372003479,-0.1960923909672154,0.8769153820707816
Wave,0.6884450805209941,-0.3123919067829701,0.6253108056412016
K-Means (33_lexico),-0.0456577147523684,-0.3526789589817115,0.5723912488105275
K-Means (33_random),-0.1871857352393152,-0.1528211755977386,0.9405140700692026
K-Means (33_projection),0.0935331687432304,-0.0537725533480557,0.5550180304821513
K-Means (33_distance_0),-0.1475068843306911,-0.0492429521122889,1.767679460139791
K-Means (33_angel_0),-0.0456577147523684,-0.3526789589817115,0.5723912488105275
Local Pivotal,0.6531998823783525,-0.1010547095257281,0.7440910580687077
Wave,0.3634458243787031,-0.2167501811052376,0.682387997450447
K-Means (33_lexico),-0.0533271653961124,-0.2088221520206659,0.4353999215028618
K-Means (33_random),-0.0448260344743005,-0.2814779051672374,0.6007803517109053
K-Means (33_projection),-0.0408578142946572,-0.2647113624861105,0.5584969718363244
K-Means (33_distance_0),-0.0408578142946572,-0.2647113624861105,0.5584969718363244
K-Means (33_angel_0),-0.0837028449791733,-0.2569500833627404,0.5253502185510146
Local Pivotal,0.3364557429995765,-0.2382180587652036,0.4889470848356463
Wave,0.419207293653474,-0.1383381753141668,5.801226731481392
K-Means (33_lexico),-0.0456577147523684,-0.3526789589817115,0.5723912488105275
K-Means (33_random),-0.0840219590291529,-0.0586561557145817,0.4638354396226841
K-Means (33_projection),-0.3333670743241829,0.0333075666509756,0.5263276631505358
K-Means (33_distance_0),0.3161681790329788,-0.2815634930955955,0.5680650952737994
K-Means (33_angel_0),0.2540121742782496,-0.2264654498997061,0.5920878480998351
Local Pivotal,0.4987566083777587,-0.0888927965570702,4.554332499980751
Wave,-0.2781035016242204,-0.2315903431524427,0.4996763088565881
K-Means (33_lexico),0.3161681790329788,-0.2815634930955955,0.5680650952737994
K-Means (33_random),-0.0448260344743005,-0.2814779051672374,0.6007803517109053
K-Means (33_projection),0.4972217390064156,-0.0817781492675971,0.5286027407777256
K-Means (33_distance_0),0.5087607322347106,-0.1533850807680725,1.5684608152807684
K-Means (33_angel_0),0.3161681790329788,-0.2815634930955955,0.5680650952737994
Local Pivotal,0.3134485106516435,-0.2061011148153407,0.4398332617157969
Wave,-0.2847342124435014,-0.1134721060113181,0.5379831857329086
K-Means (33_lexico),0.078775636435007,-0.1874060633057441,0.8218278808817161
K-Means (33_random),0.2340117468272428,-0.2635677116324755,0.5669760711917461
K-Means (33_projection),-0.2046714628560688,-0.1834926742525249,0.4195367859731
K-Means (33_distance_0),-0.0799439515194524,-0.2307950344221514,0.7725683077311492
K-Means (33_angel_0),-0.1475068843306911,-0.0492429521122889,1.767679460139791
Local Pivotal,0.5941519509653623,-0.1517018407769482,0.4972991876094735
Wave,0.4954607246671583,-0.2051567339307186,2.276998364942878
K-Means (33_lexico),-0.0448260344743005,-0.2814779051672374,0.6007803517109053
K-Means (33_random),-0.2877907367414097,-0.0331353787265289,0.9375734766765312
K-Means (33_projection),0.709481863898256,-0.1343480823190692,0.8722017868336129
K-Means (33_distance_0),0.081595910184206,-0.0627288721372274,0.511435206307151
K-Means (33_angel_0),0.4972217390064156,-0.0817781492675971,0.5286027407777256
Local Pivotal,0.0840014810651038,-0.2862318930598477,0.4482161430269608
Wave,0.3965467971609874,-0.2425894888430598,0.4274234525051575
K-Means (33_lexico),0.1542422179353807,-0.1477421460459507,0.556051935532127
K-Means (33_random),-0.3457780928963452,0.0157433799922589,2.0266050461141587
K-Means (33_projection),-0.0913030326409468,-0.0826604272956945,9.0729838316405
K-Means (33_distance_0),0.500663653028294,-0.1777326804684921,0.581661059387866
K-Means (33_angel_0),0.3161681790329788,-0.2815634930955955,0.5680650952737994
Local Pivotal,-0.0796600298950024,-0.1816834325789481,0.9291405529309332
Wave,0.0193221680160331,-0.2287316800952559,0.9359878630484008
K-Means (33_lexico),0.3161681790329788,-0.2815634930955955,0.5680650952737994
K-Means (33_random),-0.0448260344743005,-0.2814779051672374,0.6007803517109053
K-Means (33_projection),-0.1372237240755888,-0.1231207941189849,1.0024325682721154
K-Means (33_distance_0),0.6066142368790421,-0.1509202997853249,8.621835114588722
K-Means (33_angel_0),-0.3156762951334349,-0.0112427210489845,1.564166328557176
Local Pivotal,0.1541871074309206,-0.2173191532475432,0.6442871968339241
Wave,0.3852953910932594,-0.2476068381850676,0.5354014422138107
K-Means (33_lexico),0.734373789321229,-0.0355469468790493,0.785039579227562
K-Means (33_random),0.500663653028294,-0.1777326804684921,0.581661059387866
K-Means (33_projection),0.0270709284069743,-0.2283042975931006,0.6730460539879332
K-Means (33_distance_0),0.0561363740579354,-0.2086507054670697,9.71887530848442
K-Means (33_angel_0),-0.0840219590291529,-0.0586561557145817,0.4638354396226841
Local Pivotal,0.3131902409590848,-0.1173983904064545,2.9446365538535884
Wave,0.3914325409743729,-0.3204831523370179,0.6907670199341458
K-Means (33_lexico),-0.3319414850547644,-0.0097139147781926,1.0949161883228542
K-Means (33_random),0.4972217390064156,-0.0817781492675971,0.5286027407777256
K-Means (33_projection),-0.0448260344743005,-0.2814779051672374,0.6007803517109053
K-Means (33_distance_0),-0.2012760762822008,-0.107509186797093,5.926388611786896
K-Means (33_angel_0),-0.2046714628560688,-0.1834926742525249,0.4195367859731
Local Pivotal,0.7451729623782176,-0.2353357508159364,0.852956325837458
Wave,0.210976569650527,-0.2783837629279171,0.4000586839278896
K-Means (33_lexico),-0.1152599059733064,-0.2341154192972905,0.5132048512258706
K-Means (33_random),-0.2060682956275655,-0.1462880325714234,0.4623959786472097
K-Means (33_projection),0.1403838851848207,2.4322421050080203e-05,4.035068152845841
K-Means (33_distance_0),0.078775636435007,-0.1874060633057441,0.8218278808817161
K-Means (33_angel_0),0.0270709284069743,-0.2283042975931006,0.6730460539879332
Local Pivotal,0.1275436276581214,-0.2081651026219013,0.5655211755328932
Wave,0.6570132984291932,-0.2202996667858471,0.7805716988238964
K-Means (33_lexico),-0.219208095827681,-0.105802577705508,5.953684165976414
K-Means (33_random),-0.0408578142946572,-0.2647113624861105,0.5584969718363244
K-Means (33_projection),0.0996825245055345,-0.0467655665261757,1.7993821113768675
K-Means (33_distance_0),0.7424358561242541,-0.1611761771936313,4.531323548753623
K-Means (33_angel_0),-0.2046714628560688,-0.1834926742525249,0.4195367859731
Local Pivotal,0.6059177872878392,-0.2033058244863287,0.6180919546111964
Wave,0.1078791234413032,-0.3337534559653423,0.5915127818168382
K-Means (33_lexico),0.078775636435007,-0.1874060633057441,0.8218278808817161
K-Means (33_random),0.734373789321229,-0.0355469468790493,0.785039579227562
K-Means (33_projection),-0.0794317673578735,-0.2199701546646373,1.4740336589627654
K-Means (33_distance_0),0.1523775378047454,-0.1318608647990627,0.5704706241433252
K-Means (33_angel_0),0.2540121742782496,-0.2264654498997061,0.592087848099835
Local Pivotal,-0.278417279416973,-0.1799173301210688,3.88962392371764
Wave,-0.3073022897979427,-0.1888301627937607,0.5819558697019555
K-Means (33_lexico),0.1200185915793453,-0.1492061053021521,0.5666453136532185
K-Means (33_random),-0.1472893847268944,-0.0550536621001365,0.7004927976281157
K-Means (33_projection),-0.2060682956275655,-0.1462880325714234,0.4623959786472097
K-Means (33_distance_0),0.500663653028294,-0.1777326804684921,0.581661059387866
K-Means (33_angel_0),-0.0840219590291529,-0.0586561557145817,0.4638354396226841
Local Pivotal,0.5701935533464889,-0.1937227882663759,0.5617406618405835
Wave,0.3852953910932594,-0.2476068381850676,0.5354014422138107
K-Means (33_lexico),-0.2060682956275655,-0.1462880325714234,0.4623959786472097
K-Means (33_random),-0.2750682360944024,0.039677551920725,3.70958727512963
K-Means (33_projection),0.5444155939465931,-0.053173115893757,0.5173266166100954
K-Means (33_distance_0),0.5629202729032174,-0.1582670261857326,1.705836682107487
K-Means (33_angel_0),0.6220697911663605,-0.2587931243641972,0.638910588213155
Local Pivotal,0.1010480497819624,-0.0988772813383043,0.8894516214118136
Wave,-0.070518625580594,-0.2353223613345083,0.5029444641702301
K-Means (33_lexico),-0.0448260344743005,-0.2814779051672374,0.6007803517109053
K-Means (33_random),-0.3628979049761532,0.1266925589466332,1.996405819550048
K-Means (33_projection),0.4972217390064156,-0.0817781492675971,0.5286027407777256
K-Means (33_distance_0),-0.2615528558847855,-0.0463844314839114,1.100777043607026
K-Means (33_angel_0),-0.0587048170527088,-0.194696570082713,0.5415046358266047
Local Pivotal,0.59037944948303,-0.2113001246103847,7.016120074519875
Wave,0.8428663154923101,-0.2085284689269767,0.8285272547856483
K-Means (33_lexico),-0.0448260344743005,-0.2814779051672374,0.6007803517109053
K-Means (33_random),0.0391129000295284,-0.196058981598038,0.9041144696739792
K-Means (33_projection),-0.1399389500587652,-0.1707357667973497,0.7719324877653169
K-Means (33_distance_0),-0.3333670743241829,0.0333075666509756,0.5263276631505358
K-Means (33_angel_0),-0.0408578142946572,-0.2647113624861105,0.5584969718363244
Local Pivotal,0.1204129163626926,-0.2074296507817156,1.858520703556705
Wave,0.1755807185320636,-0.1968519186613481,1.1659483755267306
K-Means (33_lexico),0.1542422179353807,-0.1477421460459507,0.556051935532127
K-Means (33_random),0.3161681790329788,-0.2815634930955955,0.5680650952737994
K-Means (33_projection),-0.0557999377864971,-0.2021418805744068,0.4255756108917911
K-Means (33_distance_0),0.7696405864630063,-0.1522210496199846,0.806501418537356
K-Means (33_angel_0),-0.054105792260845,-0.1844663394450571,0.967801065640888
Local Pivotal,0.8717696229818728,-0.1519692909942453,0.7301530109316756
Wave,0.2869094142117295,-0.2264581685248274,0.3340666322224276
K-Means (33_lexico),0.2381196877989827,-0.1839915056997557,1.1041368367490545
K-Means (33_random),-0.0587048170527088,-0.194696570082713,0.5415046358266047
K-Means (33_projection),0.4757130657295334,-0.2138053497459075,1.99523832155819
K-Means (33_distance_0),0.709481863898256,-0.1343480823190692,0.8722017868336129
K-Means (33_angel_0),0.1200185915793453,-0.1492061053021521,0.5666453136532185
Local Pivotal,-0.1972775169138625,-0.1129288755747366,0.5323531634404074
Wave,0.3164564239263218,-0.2636857559695283,0.5029680009114152
K-Means (33_lexico),-0.1636482193590784,-0.1773373048983366,1.8039174481704845
K-Means (33_random),-0.0883646077989285,-0.12340139706523,0.817517090027647
K-Means (33_projection),0.734373789321229,-0.0355469468790493,0.785039579227562
K-Means (33_distance_0),-0.1700820265846583,-0.132273011355135,0.9073103415587712
K-Means (33_angel_0),-0.0597181729429071,-0.1541517850753973,0.681126101041187
Local Pivotal,0.2678316655080378,-0.1574768835166213,10.35902241995206
Wave,0.1303815925116483,-0.0478503673634308,0.595466612200347
K-Means (33_lexico),-0.0587048170527088,-0.194696570082713,0.5415046358266047
K-Means (33_random),-0.0557999377864971,-0.2021418805744068,0.4255756108917911
K-Means (33_projection),-0.0408578142946572,-0.2647113624861105,0.5584969718363245
K-Means (33_distance_0),0.078775636435007,-0.1874060633057441,0.8218278808817161
K-Means (33_angel_0),0.0517566687454795,-0.2709713168831844,0.5149695019045842
Local Pivotal,-0.3091990189588853,-0.0577571661237106,0.633503677020817
Wave,0.4637467546045558,-0.2696701503986117,0.6094158567105782
K-Means (33_lexico),0.1820856462479002,-0.1567242465850482,0.5619663889918407
K-Means (33_random),0.3161681790329788,-0.2815634930955955,0.5680650952737994
K-Means (33_projection),-0.3333670743241829,0.0333075666509756,0.5263276631505358
K-Means (33_distance_0),-0.2615528558847855,-0.0463844314839114,1.100777043607026
K-Means (33_angel_0),-0.0448260344743005,-0.2814779051672374,0.6007803517109053
Local Pivotal,0.378535357569556,-0.1070170222682159,3.0982827667913857
Wave,0.4954535717320594,-0.2365419021443988,2.0943158939882096
K-Means (33_lexico),0.1126058868979999,-0.2670894692155423,0.5566180427664513
K-Means (33_random),0.5961776202004061,-0.1719587520295706,0.4961220648600477
K-Means (33_projection),0.4757130657295334,-0.2138053497459075,1.99523832155819
K-Means (33_distance_0),-0.350341466196733,0.0147374738920317,2.0230520257297258
K-Means (33_angel_0),-0.0448260344743005,-0.2814779051672374,0.6007803517109053
Local Pivotal,0.1029011144474609,-0.2157909674784849,0.5426117475403507
Wave,0.6038079563291456,-0.2211311854871317,0.779773327618657
K-Means (33_lexico),-0.0947090088554099,-0.1665401616053722,1.953764146894993
K-Means (33_random),-0.0678995077979862,-0.2624912586257534,0.7312769527626077
K-Means (33_projection),-0.0408578142946572,-0.2647113624861105,0.5584969718363244
K-Means (33_distance_0),-0.2615528558847855,-0.0463844314839114,1.100777043607026
K-Means (33_angel_0),-0.2046714628560688,-0.1834926742525249,0.4195367859731
Local Pivotal,0.5753758642017772,-0.1721985626723479,0.5715357040793176
Wave,0.4591051005165428,-0.156849869948887,1.945729626393788
K-Means (33_lexico),0.2041957360324289,-0.1132582571060785,8.745153964017467
K-Means (33_random),0.5961776202004061,-0.1719587520295706,0.4961220648600477
K-Means (33_projection),-0.1399389500587652,-0.1707357667973497,0.7719324877653169
K-Means (33_distance_0),0.2540121742782496,-0.2264654498997061,0.592087848099835
K-Means (33_angel_0),-0.0557999377864971,-0.2021418805744068,0.4255756108917911
Local Pivotal,-0.1073707646120229,-0.2422933691741006,2.3224112857442774
Wave,-0.0308708293564363,-0.1985792201394765,1.5713892373486955
K-Means (33_lexico),-0.0235856383241526,-0.1823465440192924,2.279057366636819
K-Means (33_random),-0.2329046906139874,-0.0338781973729106,4.622456728214398
K-Means (33_projection),-0.0597181729429071,-0.1541517850753973,0.681126101041187
K-Means (33_distance_0),0.3161681790329788,-0.2815634930955955,0.5680650952737994
K-Means (33_angel_0),0.0270709284069743,-0.2283042975931006,0.6730460539879332
Local Pivotal,0.2546434548200141,-0.1997387738359935,0.5933275893146588
Wave,0.2136290771164273,-0.1334191177966734,0.8749387760566725
K-Means (33_lexico),-0.0448260344743005,-0.2814779051672374,0.6007803517109053
K-Means (33_random),-0.0408578142946572,-0.2647113624861105,0.5584969718363244
K-Means (33_projection),0.4972217390064156,-0.0817781492675971,0.5286027407777256
K-Means (33_distance_0),-0.0557999377864971,-0.2021418805744068,0.4255756108917911
K-Means (33_angel_0),0.0270709284069743,-0.2283042975931006,0.6730460539879332
Local Pivotal,0.3804552232892563,-0.1597323294945394,0.5071057225353717
Wave,0.4994573838258691,-0.257792815790179,0.5982276266558574
K-Means (33_lexico),0.500663653028294,-0.1777326804684921,0.581661059387866
K-Means (33_random),0.0267943886754128,-0.1865291616218383,0.9439714331337252
K-Means (33_projection),0.2763374283715319,-0.1715851902591916,2.879279904470699
K-Means (33_distance_0),-0.0587048170527088,-0.194696570082713,0.5415046358266047
K-Means (33_angel_0),0.500663653028294,-0.1777326804684921,0.581661059387866
Local Pivotal,-0.1691131832411547,-0.1344238954094285,0.507888271412351
Wave,0.4919123731927607,-0.1867784332730167,0.8852517492413988
K-Means (33_lexico),-0.1624974812414703,-0.1892722912443879,0.5145221238065372
K-Means (33_random),-0.2081855603543072,-0.1907257695254266,1.282383054857558
K-Means (33_projection),-0.2046714628560688,-0.1834926742525249,0.4195367859731
K-Means (33_distance_0),-0.3333670743241829,0.0333075666509756,0.5263276631505358
K-Means (33_angel_0),-0.2060682956275655,-0.1462880325714234,0.4623959786472097
Local Pivotal,0.6889539454956151,-0.164419303959044,0.5905190090788394
Wave,0.5569944359841851,-0.1655462531468548,8.575634743884622
K-Means (33_lexico),-0.217675050585086,-0.2835010465286641,0.6038563265199497
K-Means (33_random),-0.2189144844564696,-0.0388933487270526,1.7457892607997103
K-Means (33_projection),-0.0557999377864971,-0.2021418805744068,0.4255756108917911
K-Means (33_distance_0),0.6220697911663605,-0.2587931243641972,0.638910588213155
K-Means (33_angel_0),0.6220697911663605,-0.2587931243641972,0.638910588213155
Local Pivotal,0.7860703217569829,-0.2015638810663845,7.021954173437584
Wave,0.2594233912780923,-0.2379530828867292,0.4967217662346692
K-Means (33_lexico),-0.0676783860835364,-0.2078546802410926,1.6975632739074678
K-Means (33_random),-0.1476726836687343,-0.0752314456712994,1.0708239570227012
K-Means (33_projection),-0.0799439515194524,-0.2307950344221514,0.7725683077311492
K-Means (33_distance_0),-0.1129365279716554,-0.1897783380125987,1.171788493563863
K-Means (33_angel_0),0.709481863898256,-0.1343480823190692,0.8722017868336129
Local Pivotal,0.1061849225209463,-0.1994781244920135,8.712611480846455
Wave,-0.0506483185377296,-0.3227412443125243,2.220860968979624
K-Means (33_lexico),-0.0801314371522308,-0.1862883084302435,0.7264542701883473
K-Means (33_random),-0.0448260344743005,-0.2814779051672374,0.6007803517109053
K-Means (33_projection),0.0723816068468345,-0.1682987237213796,2.293359873049423
K-Means (33_distance_0),0.305338120107073,-0.2468016265068705,2.5392153959217123
K-Means (33_angel_0),-0.0557999377864971,-0.2021418805744068,0.4255756108917911
Local Pivotal,0.0768844049041176,-0.166396692862039,1.6108685170272865
Wave,0.0640028725226224,-0.1589756817333557,0.8406558848170523
K-Means (33_lexico),0.4972217390064156,-0.0817781492675971,0.5286027407777256
K-Means (33_random),-0.0809000000336927,-0.0618271525456038,1.7763140536985134
K-Means (33_projection),0.1579793770549361,0.0572925920212548,0.6386503683216465
K-Means (33_distance_0),0.4972217390064156,-0.0817781492675971,0.5286027407777256
K-Means (33_angel_0),-0.0837028449791733,-0.2569500833627404,0.5253502185510146
Local Pivotal,-0.2143596113349766,-0.1565629757154774,1.97735834867386
Wave,0.0674546866467024,-0.3887553693165124,0.6215157292581657
K-Means (33_lexico),0.3161681790329788,-0.2815634930955955,0.5680650952737994
K-Means (33_random),0.5809286054960962,-0.1659985024333825,2.3823224972826207
K-Means (33_projection),-0.0840219590291529,-0.0586561557145817,0.4638354396226841
K-Means (33_distance_0),-0.2615528558847855,-0.0463844314839114,1.100777043607026
K-Means (33_angel_0),0.1523775378047454,-0.1318608647990627,0.5704706241433252
Local Pivotal,0.1762265793149292,-0.1078596608222869,2.2224461185535755
Wave,0.5239163147061003,-0.2420471944966943,0.6020342699407533
K-Means (33_lexico),-0.2024968733967685,-0.2175815766499228,0.5478069173121912
K-Means (33_random),-0.2046714628560688,-0.1834926742525249,0.4195367859731
K-Means (33_projection),0.1579793770549361,0.0572925920212548,0.6386503683216465
K-Means (33_distance_0),0.0853637130757612,-0.0566296664835916,9.050707633343414
K-Means (33_angel_0),0.099979170167722,-0.1842711237947145,2.461161017595937
Local Pivotal,0.5369419187604297,-0.1564664019592423,2.062621126033878
Wave,0.1081696667154425,-0.1276256950640076,0.514368818809622
K-Means (33_lexico),-0.1152599059733064,-0.2341154192972905,0.5132048512258706
K-Means (33_random),0.1542422179353807,-0.1477421460459507,0.556051935532127
K-Means (33_projection),0.6220697911663605,-0.2587931243641972,0.638910588213155
K-Means (33_distance_0),0.0270709284069743,-0.2283042975931006,0.6730460539879332
K-Means (33_angel_0),-0.0799439515194524,-0.2307950344221514,0.7725683077311492
Local Pivotal,0.2197707653418495,-0.1964307084654998,0.3904353769958134
Wave,0.7724315045151964,-0.2538007194463865,1.975316877405463
K-Means (33_lexico),-0.0597181729429071,-0.1541517850753973,0.681126101041187
K-Means (33_random),0.3161681790329788,-0.2815634930955955,0.5680650952737994
K-Means (33_projection),-0.0557999377864971,-0.2021418805744068,0.4255756108917911
K-Means (33_distance_0),-0.2046714628560688,-0.1834926742525249,0.4195367859731
K-Means (33_angel_0),0.3161681790329788,-0.2815634930955955,0.5680650952737994
Local Pivotal,-0.0639305884358738,-0.2526501657769286,0.4985025732824256
Wave,0.0817604445212327,-0.1658261898020514,0.9908476472481094
K-Means (33_lexico),0.0996825245055345,-0.0467655665261757,1.7993821113768675
K-Means (33_random),-0.0448260344743005,-0.2814779051672374,0.6007803517109053
K-Means (33_projection),0.2340117468272428,-0.2635677116324755,0.5669760711917462
K-Means (33_distance_0),0.3161681790329788,-0.2815634930955955,0.5680650952737994
K-Means (33_angel_0),-0.1700820265846583,-0.132273011355135,0.9073103415587712
Local Pivotal,-0.1085270394792646,-0.2725959359242752,0.5254411067088148
Wave,-0.1268783431846893,-0.0408668031032936,0.5823733676340097
K-Means (33_lexico),-0.0448260344743005,-0.2814779051672374,0.6007803517109053
K-Means (33_random),-0.2618058010382471,0.0786162766487938,1.0860357019323537
K-Means (33_projection),0.1523775378047454,-0.1318608647990627,0.5704706241433252
K-Means (33_distance_0),0.2340117468272428,-0.2635677116324755,0.5669760711917462
K-Means (33_angel_0),-0.1475068843306911,-0.0492429521122889,1.767679460139791
Local Pivotal,0.2540640244061752,-0.1216004517635026,1.9269507259329768
Wave,0.4269563406550293,-0.0185569319224497,0.6794847588231374
K-Means (33_lexico),-0.2024968733967685,-0.2175815766499228,0.5478069173121912
K-Means (33_random),0.1523775378047454,-0.1318608647990627,0.5704706241433252
K-Means (33_projection),0.500663653028294,-0.1777326804684921,0.581661059387866
K-Means (33_distance_0),-0.3156762951334349,-0.0112427210489845,1.564166328557176
K-Means (33_angel_0),-0.0799439515194524,-0.2307950344221514,0.7725683077311493
Local Pivotal,0.4398803406096744,-0.2780234683808133,1.391747571315645
Wave,0.0949638750212424,-0.196174884185893,0.3426172358020922
K-Means (33_lexico),-0.0597181729429071,-0.1541517850753973,0.681126101041187
K-Means (33_random),-0.0456577147523684,-0.3526789589817115,0.5723912488105275
K-Means (33_projection),0.0723816068468345,-0.1682987237213796,2.293359873049423
K-Means (33_distance_0),-0.1983656752265589,-0.1222597069308098,0.4754835202895657
K-Means (33_angel_0),-0.350341466196733,0.0147374738920317,2.0230520257297258
Local Pivotal,0.0948764864661335,-0.1886959599006676,0.6409939128219436
Wave,0.2016441401149089,-0.2426369026818123,0.5873263285548221
K-Means (33_lexico),0.1523775378047454,-0.1318608647990627,0.5704706241433252
K-Means (33_random),-0.0544597965328665,-0.2078432372875981,0.5811170248482154
K-Means (33_projection),0.734373789321229,-0.0355469468790493,0.785039579227562
K-Means (33_distance_0),0.3161681790329788,-0.2815634930955955,0.5680650952737994
K-Means (33_angel_0),-0.0448260344743005,-0.2814779051672374,0.6007803517109053
Local Pivotal,0.3925992275460397,-0.1757037441863001,0.4504231839073099
Wave,0.6636165349137233,-0.2713231202607618,0.6614812554737468
K-Means (33_lexico),-0.2060682956275655,-0.1462880325714234,0.4623959786472097
K-Means (33_random),0.5961776202004061,-0.1719587520295706,0.4961220648600477
K-Means (33_projection),0.3161681790329788,-0.2815634930955955,0.5680650952737994
K-Means (33_distance_0),0.1579793770549361,0.0572925920212548,0.6386503683216465
K-Means (33_angel_0),0.5087607322347106,-0.1533850807680725,1.5684608152807684
Local Pivotal,0.4388413065671414,-0.1496894392276894,0.7132648283132341
Wave,0.2363218214585718,-0.2213479552519964,0.3907762567228203
K-Means (33_lexico),-0.0456577147523684,-0.3526789589817115,0.5723912488105275
K-Means (33_random),0.323913755237204,-0.0201284014200265,0.6574679848925771
K-Means (33_projection),-0.0587048170527088,-0.194696570082713,0.5415046358266047
K-Means (33_distance_0),0.1859423678762696,-0.0381958359203107,2.436049220617684
K-Means (33_angel_0),0.0270709284069743,-0.2283042975931006,0.6730460539879332
Local Pivotal,0.2013541610738264,-0.2549773390894162,0.4577302097859912
Wave,0.222961477916539,-0.0346493771604493,0.6342646964942403
K-Means (33_lexico),-0.2426933181251372,-0.040140323058945,0.663971168486161
K-Means (33_random),-0.0408578142946572,-0.2647113624861105,0.5584969718363244
K-Means (33_projection),0.0723816068468345,-0.1682987237213796,2.293359873049424
K-Means (33_distance_0),-0.0557999377864971,-0.2021418805744068,0.4255756108917911
K-Means (33_angel_0),-0.0456577147523684,-0.3526789589817115,0.5723912488105276
Local Pivotal,0.7033800201769725,-0.1723148700446116,0.4415828199033692
Wave,-0.0308708293564363,-0.1985792201394765,1.5713892373486955
K-Means (33_lexico),0.5044319260978162,-0.2521846981237702,10.47354818851914
K-Means (33_random),-0.0448260344743005,-0.2814779051672374,0.6007803517109053
K-Means (33_projection),-0.0597181729429071,-0.1541517850753973,0.681126101041187
K-Means (33_distance_0),0.0111097356705299,-0.1635888454008882,5.496452708384447
K-Means (33_angel_0),0.5444155939465931,-0.053173115893757,0.5173266166100954
Local Pivotal,0.1984483605759882,-0.0368810010859366,1.6502002346174875
Wave,0.2741379243184662,-0.2743464285594987,10.37647284915136
K-Means (33_lexico),-0.2398012055969626,-0.1040957182370394,3.8246533564390814
K-Means (33_random),-0.0947090088554099,-0.1665401616053722,1.953764146894993
K-Means (33_projection),-0.0676783860835364,-0.2078546802410926,1.6975632739074678
K-Means (33_distance_0),0.5403189054438382,-0.2466392278609927,1.976013843203299
K-Means (33_angel_0),0.4972217390064156,-0.0817781492675971,0.5286027407777256
Local Pivotal,-0.227909799197415,-0.157541038933693,2.1230629088851884
Wave,-0.1382998471719264,-0.290987275292315,0.5001839587622646
K-Means (33_lexico),0.1820856462479002,-0.1567242465850482,0.5619663889918407
K-Means (33_random),-0.177403210308179,-0.1884501911176971,1.6063937553620686
K-Means (33_projection),-0.3333670743241829,0.0333075666509756,0.5263276631505358
K-Means (33_distance_0),-0.0448260344743005,-0.2814779051672374,0.6007803517109053
K-Means (33_angel_0),0.1579793770549361,0.0572925920212548,0.6386503683216465
Local Pivotal,-0.1993522571012838,-0.1609477910963457,0.5432302777063771
Wave,0.1241893153630593,-0.0845646370885734,1.7436867671613474
K-Means (33_lexico),-0.0587048170527088,-0.194696570082713,0.5415046358266047
K-Means (33_random),-0.1190676047461451,-0.1860563170018297,1.1741716283197403
K-Means (33_projection),-0.0837028449791733,-0.2569500833627404,0.5253502185510146
K-Means (33_distance_0),-0.0837028449791733,-0.2569500833627404,0.5253502185510146
K-Means (33_angel_0),0.0784349039983368,-0.0475108310292153,2.3462353091556265
Local Pivotal,0.2798167789351301,-0.1672497779523775,3.603912333966204
Wave,0.1682109864368673,-0.2385419647750735,0.5365006627574264
K-Means (33_lexico),-0.2060682956275655,-0.1462880325714234,0.4623959786472097
K-Means (33_random),0.6019196761044245,-0.2568041381373956,0.6871172539049278
K-Means (33_projection),0.4972217390064156,-0.0817781492675971,0.5286027407777256
K-Means (33_distance_0),-0.1700820265846583,-0.132273011355135,0.9073103415587712
K-Means (33_angel_0),0.2340117468272428,-0.2635677116324755,0.5669760711917462
Local Pivotal,0.6256399659596643,-0.0256511528378919,1.457432369833796
Wave,0.3196490438546933,-0.0780099941354046,3.3990208529677
K-Means (33_lexico),0.4972217390064156,-0.0817781492675971,0.5286027407777256
K-Means (33_random),0.0609737877860493,-0.1085088751139638,0.6966414945478342
K-Means (33_projection),0.305338120107073,-0.2468016265068705,2.5392153959217123
K-Means (33_distance_0),-0.0837028449791733,-0.2569500833627404,0.5253502185510146
K-Means (33_angel_0),-0.0448260344743005,-0.2814779051672374,0.6007803517109053
Local Pivotal,-0.4040477709550136,-0.0570376238921345,0.6664215861264069
Wave,-0.1145477944620649,-0.1210527574677655,1.0649526274401253
K-Means (33_lexico),-0.0587048170527088,-0.194696570082713,0.5415046358266047
K-Means (33_random),-0.0960011069381288,-0.1757306661515889,0.459202082358731
K-Means (33_projection),-0.1129365279716554,-0.1897783380125987,1.171788493563863
K-Means (33_distance_0),-0.0448260344743005,-0.2814779051672374,0.6007803517109053
K-Means (33_angel_0),0.2540121742782496,-0.2264654498997061,0.592087848099835
Local Pivotal,0.4583324925176003,-0.1994131856355975,0.5744764475393377
Wave,0.1078791234413032,-0.3337534559653423,0.5915127818168382
K-Means (33_lexico),0.232087275579606,-0.1372269640953742,0.3477445121765393
K-Means (33_random),-0.0941597139422259,-0.2751899237321518,0.7120368355630339
K-Means (33_projection),0.5167654844676125,-0.1758641790149366,2.165233657853902
K-Means (33_distance_0),-0.0414814240124572,-0.1677126199330446,1.5663103306632125
K-Means (33_angel_0),0.5250910885028872,-0.1529725177138228,2.797403272621452
Local Pivotal,0.8055232401035679,-0.2671933318873616,0.8357053497037006
Wave,-0.1617733789116483,-0.1951341457569965,0.4163054180006131
K-Means (33_lexico),0.0362067223738511,-0.1708797781269207,7.005472045670309
K-Means (33_random),0.3161681790329788,-0.2815634930955955,0.5680650952737994
K-Means (33_projection),0.500663653028294,-0.1777326804684921,0.581661059387866
K-Means (33_distance_0),-0.0448260344743005,-0.2814779051672374,0.6007803517109053
K-Means (33_angel_0),0.4972217390064156,-0.0817781492675971,0.5286027407777256
Local Pivotal,0.2643020835549172,-0.2541714233785094,0.4764229698752367
Wave,0.1678064335939843,-0.3401072950876337,0.5411215240711307
K-Means (33_lexico),-0.2024968733967685,-0.2175815766499228,0.5478069173121912
K-Means (33_random),-0.0840219590291529,-0.0586561557145817,0.4638354396226841
K-Means (33_projection),0.5444155939465931,-0.053173115893757,0.5173266166100954
K-Means (33_distance_0),-0.0947090088554099,-0.1665401616053722,1.953764146894993
K-Means (33_angel_0),-0.1983656752265589,-0.1222597069308098,0.4754835202895656
Local Pivotal,0.3922420054888552,-0.1444754783275656,0.4367444971699202
Wave,0.0571901530899709,-0.3774904093391201,0.6252166172710805
K-Means (33_lexico),0.1126058868979999,-0.2670894692155423,0.5566180427664513
K-Means (33_random),-0.2111388133601508,-0.1626761106358994,0.5572870840388522
K-Means (33_projection),-0.0557999377864971,-0.2021418805744068,0.4255756108917911
K-Means (33_distance_0),-0.0837028449791733,-0.2569500833627404,0.5253502185510146
K-Means (33_angel_0),0.1135161364299515,-0.2453707467029104,3.5376381700297785
Local Pivotal,-0.1706504884162515,-0.0880764321961842,2.268624101818886
Wave,0.0301950190075331,-0.4014249796868205,0.6259159794413962
K-Means (33_lexico),0.7382108334140841,-0.0976481184623843,0.8493113869828164
K-Means (33_random),-0.0544597965328665,-0.2078432372875981,0.5811170248482154
K-Means (33_projection),-0.3333670743241829,0.0333075666509756,0.5263276631505358
K-Means (33_distance_0),0.500663653028294,-0.1777326804684921,0.581661059387866
K-Means (33_angel_0),0.5444155939465931,-0.053173115893757,0.5173266166100954
Local Pivotal,-0.2265950907478796,-0.0196573776042191,0.674949170291534
Wave,0.0896701040291734,-0.2378730109535823,0.4375419469289939
K-Means (33_lexico),0.18208564624790022,-0.15672424658504827,0.5619663889918407
K-Means (33_random),-0.2046714628560688,-0.18349267425252497,0.4195367859731
K-Means (33_projection),-0.044826034474300586,-0.2814779051672374,0.6007803517109053
K-Means (33_distance_0),0.2340117468272428,-0.2635677116324755,0.5669760711917461
K-Means (33_angel_0),-0.2046714628560688,-0.18349267425252497,0.4195367859731
Local Pivotal,0.339016381336379,-0.19864077444463465,0.5760837834240047
Wave,-0.23595970222491258,-0.21487618005562284,0.46812307605602566
