"V1","V2","V3","V4","V5","V6","V7","V8"
3,19,25,32,37,38,71,87
2,9,32,35,71,79,93,98
3,32,34,42,54,76,96,99
21,25,34,40,46,48,71,76
24,25,38,42,52,56,82,83
15,29,30,59,60,61,83,94
13,14,21,29,39,55,74,98
1,24,30,34,60,69,70,81
14,42,56,62,81,83,92,95
16,17,26,64,81,83,86,95
2,7,14,39,40,42,54,85
24,28,44,47,61,67,75,88
23,32,42,48,54,68,74,83
3,42,55,64,67,76,78,82
14,23,28,34,47,52,68,69
2,44,45,53,76,81,86,98
5,21,24,40,47,78,81,82
1,2,15,32,35,62,89,97
7,24,45,67,71,86,87,93
19,28,32,35,44,47,64,98
2,30,48,62,64,69,79,81
2,12,27,65,66,67,86,87
15,25,29,47,50,61,85,91
2,7,8,12,37,43,60,66
30,35,39,40,47,55,89,100
21,29,37,65,74,81,98,99
5,11,16,20,30,50,64,70
7,20,29,32,47,68,74,82
12,23,34,46,61,66,76,81
8,9,20,21,61,72,76,95
15,16,20,24,68,87,93,97
4,15,21,23,39,42,76,89
33,35,58,59,61,62,83,90
2,16,35,40,54,60,81,83
6,32,35,37,42,71,93,99
2,16,29,60,67,76,84,92
2,42,43,44,60,68,69,89
15,20,22,34,44,47,56,85
9,16,34,52,59,66,81,89
2,17,39,48,60,79,81,98
25,37,43,44,66,69,83,90
7,14,26,35,42,56,84,99
3,30,35,61,67,70,78,90
8,16,24,25,39,42,71,76
7,15,29,35,37,42,63,89
19,52,53,55,76,82,83,90
12,28,38,55,63,74,87,90
12,20,28,38,47,55,86,96
10,17,25,32,42,85,86,89
2,9,16,35,55,58,59,81
16,20,23,28,35,37,45,55
15,29,42,66,84,89,96,98
14,44,47,79,81,85,87,99
6,21,25,62,66,67,86,90
15,21,40,55,58,83,85,92
5,12,69,81,84,92,95,98
20,24,28,34,46,56,62,81
21,23,24,28,39,64,81,98
7,16,37,59,62,67,76,87
2,7,19,30,32,48,62,74
14,15,22,58,69,85,87,98
5,19,47,55,62,67,94,99
7,15,24,42,43,87,89,94
20,23,26,47,54,82,85,89
17,21,26,30,47,71,83,85
25,60,64,71,75,90,94,97
16,20,29,60,68,78,95,98
20,25,30,43,47,58,66,95
6,21,29,32,48,64,76,90
5,14,21,34,37,43,50,93
2,59,67,74,82,87,93,98
7,9,12,20,38,42,44,46
34,47,50,64,66,93,96,99
16,25,30,58,66,75,82,89
16,32,43,58,64,81,98,99
18,42,66,67,85,92,93,98
3,16,28,59,66,76,90,98
6,34,37,45,56,61,71,76
22,30,38,48,62,69,81,83
9,38,59,61,62,83,90,95
19,34,37,40,48,55,56,66
11,24,47,67,76,81,94,99
5,26,28,61,62,68,90,98
16,25,30,42,44,85,95,96
9,15,44,45,47,61,89,94
5,21,32,48,59,64,81,94
3,20,25,39,69,76,85,90
22,32,44,48,60,61,81,93
7,9,12,22,24,47,52,67
35,52,60,61,68,81,87,98
2,3,20,30,39,61,74,100
31,59,69,74,82,87,94,98
9,14,47,61,76,92,93,98
2,9,14,45,61,65,85,94
6,12,24,32,66,86,90,98
7,15,16,38,67,70,75,81
34,44,47,55,66,93,96,99
5,7,14,15,26,42,44,94
20,21,23,38,59,70,81,99
17,34,35,42,43,71,85,87
2,40,60,66,69,77,83,91
27,28,34,42,44,60,64,93
2,6,15,19,38,61,64,77
1,9,10,47,55,67,94,99
6,32,56,60,72,74,82,83
2,14,24,29,59,60,61,81
7,16,38,43,48,64,70,81
16,17,30,35,55,63,71,83
3,14,21,25,39,70,74,83
2,5,16,26,70,94,98,99
5,42,46,55,86,89,94,97
1,42,52,66,67,74,81,84
3,7,20,21,37,65,74,81
7,27,40,42,58,71,76,99
6,29,30,47,71,76,88,89
9,57,58,59,61,64,95,98
3,14,16,22,55,82,85,98
19,20,25,38,44,68,69,90
15,44,47,50,60,61,96,98
7,8,14,24,26,37,42,87
10,20,23,35,61,82,84,90
21,22,29,35,61,67,85,86
52,56,61,75,76,82,90,98
5,28,36,66,69,79,89,93
2,5,14,37,46,69,77,83
5,23,32,47,55,56,59,86
2,14,55,58,68,74,78,83
1,16,21,55,74,77,86,89
5,26,42,67,69,70,77,95
4,16,20,28,29,35,53,81
2,5,20,31,56,69,96,99
2,16,48,55,56,86,89,92
9,38,42,47,52,64,75,98
21,30,33,38,52,56,82,83
12,27,28,47,52,60,83,87
14,15,22,30,32,37,77,87
7,30,66,67,77,79,85,87
3,9,25,35,53,61,67,71
1,17,20,31,35,38,47,90
7,15,16,40,43,48,58,67
9,21,23,30,55,66,88,98
9,11,24,34,69,71,80,94
8,14,15,34,37,59,61,74
5,20,30,58,61,72,90,99
16,20,33,35,77,86,87,99
2,3,8,16,30,39,55,66
5,22,42,56,66,69,86,90
3,24,30,67,81,87,91,98
24,25,47,59,70,76,93,99
2,5,43,61,82,83,88,93
30,32,42,53,74,81,88,93
22,24,38,69,80,87,89,94
3,24,42,67,68,71,81,96
17,18,25,35,53,69,71,83
7,21,29,37,39,48,71,83
25,30,51,58,67,69,74,77
7,10,25,58,66,82,85,87
19,24,42,44,59,67,69,82
9,16,19,20,22,71,76,94
5,7,9,14,42,68,94,98
14,21,22,23,30,61,74,84
17,28,44,61,66,75,81,90
2,7,9,29,42,65,72,74
16,20,34,35,44,56,82,84
14,31,33,42,64,69,85,94
14,29,42,55,68,86,87,95
14,16,32,37,40,56,90,97
4,21,25,32,35,43,52,82
8,10,24,42,55,62,76,89
17,22,48,61,62,74,89,98
3,16,34,38,50,88,89,95
17,20,21,29,32,74,95,96
7,14,17,25,48,76,88,91
5,7,15,41,47,58,83,96
5,17,32,37,46,55,81,90
19,28,34,66,87,90,93,96
9,15,25,34,47,62,65,94
2,15,17,38,39,55,69,84
3,24,30,46,55,83,90,96
21,38,46,56,81,83,85,93
15,20,21,35,37,62,65,69
5,15,17,32,86,87,89,96
7,8,21,48,62,76,83,96
2,8,25,26,42,48,83,99
2,10,25,62,66,67,76,99
17,24,28,61,71,81,91,98
1,7,42,64,77,82,85,90
21,36,61,66,67,77,85,96
2,15,22,35,37,56,69,83
24,45,62,69,81,86,92,98
21,32,45,71,76,81,93,99
3,7,16,46,48,60,71,87
25,34,50,68,71,74,87,93
6,20,32,38,45,77,81,99
4,5,7,29,37,64,83,87
2,14,25,40,69,79,82,85
2,25,52,66,67,68,82,94
2,3,28,32,38,63,81,98
5,12,14,22,31,61,81,98
1,20,25,29,43,47,86,95
12,16,35,44,55,79,89,90
8,16,34,38,40,46,71,90
5,11,15,32,81,87,89,93
20,38,42,53,55,60,62,81
19,20,50,55,62,64,86,98
21,23,48,55,64,67,77,92
9,14,16,52,81,90,91,99
2,14,25,53,56,61,76,86
18,35,42,53,61,82,83,93
5,9,32,40,55,64,65,97
3,17,33,35,61,82,89,98
16,38,44,46,48,55,67,90
5,8,21,32,33,44,61,82
6,15,21,27,32,48,70,98
16,35,56,64,67,82,87,91
28,55,56,64,66,67,68,81
7,12,14,24,30,39,52,87
16,29,39,74,81,82,83,90
15,16,32,56,66,73,91,98
16,20,28,30,44,65,85,90
16,21,38,51,56,78,85,90
12,14,32,38,46,53,61,95
10,25,42,47,60,66,77,89
23,35,37,39,55,67,87,89
9,21,38,52,67,77,90,92
9,17,47,55,66,68,74,83
3,11,20,28,45,47,61,76
4,15,40,70,76,85,90,98
52,61,63,64,88,90,95,98
21,34,35,38,52,68,81,84
2,5,12,14,16,28,34,79
3,7,8,38,64,71,73,98
8,21,24,32,56,76,79,98
20,25,28,29,38,46,69,92
14,28,34,40,56,63,81,95
20,38,61,62,71,82,91,98
39,55,69,85,86,90,91,93
9,29,44,47,60,69,71,96
20,21,23,30,61,66,75,99
20,22,25,48,61,70,71,97
16,33,40,64,67,70,74,86
20,21,48,55,58,68,76,81
5,26,34,40,69,86,87,93
3,15,21,59,61,74,89,98
2,6,8,48,61,74,79,81
8,14,21,24,28,32,62,78
17,29,32,38,61,71,95,97
20,35,37,61,70,81,90,92
7,33,35,42,58,68,95,98
20,25,32,38,40,86,94,96
5,7,28,34,42,64,65,70
7,11,16,20,30,37,62,64
5,12,23,39,55,81,95,98
3,20,24,37,54,60,90,98
3,5,9,11,69,83,84,87
60,63,69,81,82,87,89,94
2,8,25,54,64,68,69,74
8,25,38,61,63,67,74,90
5,12,24,40,42,63,69,87
14,30,42,69,90,93,96,98
3,7,42,53,56,66,76,98
15,16,40,60,64,65,90,98
6,21,32,48,58,71,74,83
21,24,25,44,59,69,76,82
15,20,21,24,26,30,69,70
21,35,52,73,79,81,82,83
5,12,14,25,47,59,67,86
1,8,24,25,40,71,87,89
14,32,38,46,50,86,90,93
3,9,18,69,76,87,92,98
9,23,24,45,47,62,69,96
14,28,38,44,55,67,68,92
3,16,25,38,66,77,87,91
5,42,50,55,56,59,64,95
2,29,30,35,46,63,69,89
17,25,30,33,35,42,48,67
2,7,9,14,42,43,74,93
21,37,38,54,56,61,64,98
19,35,42,47,48,56,87,99
23,34,42,48,66,70,90,96
8,14,16,48,59,73,87,98
5,32,58,61,65,71,81,88
19,34,44,56,61,66,86,87
5,9,21,40,67,69,72,96
7,37,39,42,67,74,87,93
35,47,61,62,63,71,75,85
2,7,14,16,50,62,85,91
17,25,32,45,61,64,66,68
5,21,22,32,42,62,64,86
12,47,55,60,75,89,93,98
28,42,44,53,55,56,60,67
16,44,50,55,60,74,75,83
3,14,32,38,56,61,83,92
7,15,27,44,56,67,85,89
1,28,56,61,71,81,83,94
2,24,30,61,67,70,91,99
3,38,47,61,67,77,79,99
16,17,30,39,55,62,76,87
10,20,31,35,47,48,52,71
2,4,30,34,35,39,42,56
1,17,24,38,61,81,90,98
32,34,39,44,74,81,87,99
14,15,42,44,63,69,75,76
4,22,23,35,47,55,64,82
5,15,26,52,55,67,69,97
4,6,16,30,34,52,55,85
12,35,52,64,69,87,91,95
19,34,35,38,42,55,70,99
7,9,42,43,47,64,70,74
28,36,55,59,60,81,90,93
37,39,40,50,69,74,87,89
5,16,25,31,32,70,71,82
1,5,8,20,34,40,61,82
24,34,38,39,40,58,61,64
2,20,23,30,31,55,64,79
16,24,34,37,55,59,70,71
16,28,35,40,52,68,83,87
3,32,43,66,74,82,87,98
12,15,42,46,48,61,66,83
7,9,14,21,36,38,43,58
26,32,42,60,82,87,89,94
8,9,32,35,38,51,52,55
14,21,30,60,62,65,81,98
23,32,64,71,72,79,87,98
10,29,42,55,57,66,76,81
7,20,32,40,58,76,91,95
20,23,32,33,44,61,76,86
3,16,19,34,55,76,95,97
7,11,24,37,44,58,64,87
8,16,27,32,55,62,76,95
10,12,21,40,48,71,76,98
42,47,57,59,74,81,89,93
2,20,30,33,40,64,69,81
2,7,8,12,26,30,71,74
21,23,30,35,42,53,67,71
21,30,54,58,61,74,82,98
7,11,28,42,44,58,85,89
9,14,33,34,42,58,68,87
11,14,34,40,64,69,87,95
5,7,21,25,37,58,72,89
16,20,24,33,34,37,52,81
56,62,69,71,78,83,86,90
27,32,35,48,62,68,81,83
14,22,42,48,58,69,76,90
5,12,14,21,30,52,61,75
28,35,42,55,58,67,90,91
1,20,24,38,44,47,56,98
34,42,47,50,54,64,82,85
8,9,11,42,44,47,74,98
11,12,28,34,42,76,77,81
7,17,20,66,73,75,85,90
7,15,16,35,50,62,68,89
27,37,47,61,62,66,81,89
5,9,19,32,55,56,66,87
9,18,24,38,52,55,63,90
5,14,26,32,39,61,62,81
24,32,38,42,59,66,89,93
42,48,50,58,75,82,89,98
2,12,37,61,68,76,83,99
30,34,35,50,62,81,91,95
8,22,25,35,51,61,83,85
2,20,26,38,43,61,85,94
7,9,17,21,26,71,74,81
15,16,26,29,35,67,81,86
7,20,44,56,74,78,82,87
5,13,47,56,59,61,83,99
7,44,74,75,87,94,95,98
7,25,38,42,58,74,82,96
15,42,44,48,56,59,89,98
16,22,32,43,52,66,76,89
7,8,15,23,33,38,42,66
7,20,21,23,35,60,63,81
3,7,11,15,76,81,84,87
7,16,23,25,28,60,66,73
14,25,43,47,56,76,94,99
30,32,55,76,77,81,85,92
2,17,38,69,77,96,98,99
2,12,14,22,28,32,64,81
2,8,24,34,38,61,68,93
30,39,40,48,56,69,95,98
52,56,60,69,76,81,88,95
14,15,23,25,30,63,69,76
8,16,20,24,55,68,71,84
3,5,7,11,30,54,89,90
30,32,42,46,48,58,66,90
7,12,15,16,22,66,84,86
5,16,25,26,30,34,58,66
20,27,34,55,62,66,75,85
12,24,25,69,71,72,90,97
23,25,39,61,71,77,85,90
34,40,49,66,69,74,81,91
22,28,29,34,55,71,76,77
19,20,21,59,61,62,76,85
8,12,34,38,66,68,81,90
21,24,50,55,60,62,65,89
2,22,64,66,69,77,82,98
25,30,32,48,50,62,76,96
56,61,83,84,85,86,90,92
15,30,42,43,55,62,69,84
17,28,46,47,67,76,87,89
21,23,26,38,59,60,90,98
3,10,15,30,61,74,81,83
10,20,35,69,82,86,90,93
4,7,8,66,67,71,82,96
9,14,25,53,62,69,74,90
12,16,20,24,34,60,68,94
9,12,21,35,69,79,89,99
8,14,16,42,65,68,95,98
2,9,26,38,39,66,67,70
16,43,50,64,67,69,86,93
16,34,37,64,71,75,85,93
2,10,12,32,37,71,85,98
42,61,71,76,85,93,96,98
7,9,16,24,52,54,79,90
26,34,38,39,47,71,89,93
9,16,20,64,65,66,77,94
7,9,21,23,35,72,77,95
21,29,37,42,66,75,83,97
34,35,59,62,69,77,85,87
20,25,35,39,44,50,69,84
5,20,25,52,61,77,92,95
2,9,14,17,36,55,95,98
2,14,45,61,62,75,82,85
5,37,52,59,61,67,71,78
2,7,11,29,57,74,83,86
9,12,42,66,84,87,89,92
1,16,62,67,71,76,84,86
2,5,16,39,86,88,93,98
11,15,16,23,34,64,70,85
19,23,28,32,35,59,81,87
7,33,70,82,89,90,95,98
7,22,25,35,50,56,82,90
21,37,39,55,60,67,76,93
6,44,48,61,71,76,83,87
1,7,8,15,24,47,52,98
7,14,23,42,53,68,85,99
14,16,23,25,30,78,85,96
21,35,42,45,67,79,85,94
2,5,7,20,40,48,53,77
23,34,37,46,55,85,90,95
8,14,37,47,53,55,76,95
5,29,42,47,59,83,86,95
20,26,43,52,60,61,90,99
22,25,50,55,64,66,85,93
17,20,21,27,48,68,98,99
2,19,20,24,34,37,53,70
24,30,32,50,52,53,55,87
14,17,24,25,34,47,64,91
38,42,46,55,66,67,70,99
2,23,24,38,56,59,69,89
15,17,25,39,64,66,69,70
9,15,44,47,59,61,74,89
2,7,29,38,44,71,74,96
7,20,21,29,38,65,77,82
30,34,42,44,66,68,88,99
2,27,42,58,68,76,89,99
3,21,34,35,60,61,82,84
3,10,20,25,42,48,68,76
21,37,44,55,66,69,91,99
2,9,11,38,40,58,89,98
21,27,30,35,38,55,77,93
16,20,38,50,70,71,91,99
34,35,47,58,59,70,90,95
1,2,9,16,20,25,38,56
8,15,25,28,67,73,74,87
1,9,23,25,74,87,89,99
9,25,34,44,47,66,92,94
16,25,44,66,75,86,87,99
20,29,43,55,59,60,74,81
6,9,17,40,64,67,69,87
3,15,21,32,38,43,71,77
21,34,35,39,62,73,90,95
7,12,37,42,45,64,66,98
7,20,21,60,62,65,88,90
5,7,22,44,47,58,67,99
32,38,52,71,74,84,89,92
34,42,44,56,57,67,85,86
9,14,25,40,61,76,90,100
5,31,33,48,58,67,69,89
16,20,31,32,35,56,81,95
16,29,30,35,71,91,94,98
9,25,33,38,61,83,90,93
5,14,16,23,25,32,39,86
28,34,35,39,64,79,90,93
5,28,55,70,89,90,91,98
21,33,40,50,67,74,89,95
15,25,47,58,67,75,84,85
2,34,36,48,58,76,81,86
3,8,42,48,55,72,95,98
16,17,25,66,70,82,83,86
1,14,31,42,62,67,87,95
5,25,56,63,69,86,87,95
23,34,55,56,59,60,87,95
3,15,38,55,59,67,86,87
2,3,7,26,28,83,84,85
2,3,9,14,25,34,76,79
14,34,42,48,53,55,56,84
20,53,62,69,73,76,87,95
3,9,11,42,66,69,73,83
3,5,17,61,81,83,95,96
32,42,46,71,77,81,85,99
7,9,15,25,44,47,56,88
10,20,25,48,58,69,74,84
15,32,39,54,56,64,74,81
14,24,27,44,65,69,81,90
20,35,44,47,71,77,79,81
2,5,26,36,48,61,67,93
12,20,25,32,35,59,99,100
37,42,52,53,61,83,85,95
3,5,7,20,31,68,81,86
37,44,47,63,71,76,98,99
11,16,31,35,77,86,87,89
2,33,35,67,70,81,82,84
15,16,25,29,33,60,64,87
9,21,29,61,67,85,88,92
1,2,3,24,25,32,66,96
3,5,34,43,56,66,69,99
21,35,39,58,64,69,85,98
8,24,25,28,47,65,78,83
2,14,38,40,53,69,98,99
25,28,43,60,61,67,70,90
3,7,25,33,38,47,48,67
5,7,9,12,20,44,90,97
12,21,28,39,44,61,64,66
25,35,48,70,77,83,87,92
2,7,9,23,33,42,52,76
9,15,20,53,61,68,81,93
25,44,47,48,68,74,83,88
16,20,23,25,39,71,72,82
25,34,39,40,58,64,87,99
7,14,17,22,37,74,77,81
1,34,35,44,61,85,87,93
9,33,40,58,64,67,69,85
2,7,9,29,38,54,83,85
7,21,25,28,35,46,60,62
15,34,35,36,38,52,61,87
9,15,23,34,49,61,62,68
2,24,38,55,56,67,75,86
7,9,22,23,42,74,77,98
2,7,33,39,77,83,85,95
12,15,21,30,48,61,72,83
8,32,33,44,60,83,90,95
2,32,59,60,61,77,82,89
2,14,28,33,44,69,81,86
15,21,29,30,42,67,75,76
20,29,31,47,48,55,65,66
12,33,42,47,50,66,67,99
1,20,38,69,82,90,92,93
5,10,50,55,58,83,90,95
5,9,10,21,62,69,89,94
2,7,9,14,46,62,85,98
2,56,60,63,66,69,82,89
3,15,25,38,42,79,83,84
5,7,29,34,47,53,82,95
22,25,42,44,58,76,83,99
29,60,61,64,68,73,87,98
28,38,52,54,64,67,69,90
5,12,16,28,68,69,78,90
7,11,21,44,60,68,74,81
19,34,42,62,64,66,71,79
9,14,24,54,61,64,70,75
12,20,24,38,42,65,90,98
25,35,38,52,53,68,83,87
21,38,44,77,81,83,85,96
3,21,38,43,48,64,69,70
2,15,29,34,35,69,79,85
28,29,35,42,49,53,69,71
3,16,30,45,75,76,89,98
5,47,58,61,88,90,95,96
2,9,27,34,35,69,81,93
3,16,37,56,64,65,82,90
2,16,20,26,52,68,85,99
2,40,77,85,86,89,97,98
2,3,7,26,68,76,77,83
5,14,42,58,78,79,82,83
7,20,25,40,47,68,71,86
16,20,33,62,71,75,85,98
3,8,25,32,35,37,59,61
6,16,24,30,51,52,83,87
5,7,15,20,58,81,87,96
7,35,38,62,81,82,83,88
14,16,22,32,40,74,94,99
7,8,42,44,67,68,74,99
17,31,34,48,64,71,79,87
3,7,22,24,37,60,71,83
2,16,24,25,51,58,76,88
21,25,52,60,61,77,79,90
14,16,17,42,43,67,74,86
7,30,62,64,67,68,76,78
1,3,16,66,77,81,86,89
8,21,33,34,48,67,76,81
8,30,39,48,55,66,67,98
17,20,21,38,61,73,85,96
12,14,19,38,69,77,96,98
16,24,52,64,71,75,81,86
1,12,15,34,37,55,89,90
7,56,63,71,74,83,87,88
1,15,20,35,40,61,81,90
5,12,21,23,48,55,83,96
16,35,45,77,83,90,96,99
19,20,28,35,40,61,79,90
19,21,24,34,58,68,76,82
20,27,38,50,69,81,95,99
5,7,45,47,77,82,83,93
2,7,11,15,24,68,70,89
2,10,23,25,66,77,83,86
6,20,32,45,50,60,71,81
32,37,38,40,61,70,89,100
1,15,24,42,52,76,83,87
25,32,38,62,75,82,83,95
14,15,16,21,25,56,74,75
5,7,20,29,45,47,66,96
24,28,30,59,61,62,83,87
2,10,24,56,64,69,98,99
19,21,32,35,40,60,82,83
15,16,24,32,53,62,83,86
3,5,37,50,61,71,75,98
23,38,61,62,81,83,86,88
7,20,48,50,84,87,95,96
27,32,66,82,85,87,89,93
2,7,26,42,48,56,66,76
7,9,11,21,38,52,66,83
21,35,44,56,64,65,90,98
1,30,34,40,42,48,96,99
8,47,55,60,66,67,68,70
34,46,60,69,71,77,87,93
2,20,28,29,40,42,53,89
12,23,27,35,42,67,87,95
3,7,14,27,32,39,48,81
25,28,47,52,56,61,63,74
28,29,34,37,42,61,71,97
12,16,17,38,66,67,82,88
21,22,47,62,76,83,86,99
8,9,15,34,40,55,59,89
14,42,47,55,63,70,88,95
7,14,47,50,60,70,75,95
28,52,69,74,75,81,83,90
7,9,17,19,32,35,79,87
1,12,20,24,32,61,87,97
25,29,35,54,64,69,71,75
7,8,9,20,64,72,90,97
16,23,28,44,46,55,60,67
13,28,30,32,55,56,65,89
17,21,32,35,46,49,55,85
8,22,38,61,64,90,95,98
6,7,21,32,35,48,62,78
32,48,55,66,70,73,86,97
15,22,23,44,67,69,74,87
27,56,69,74,82,83,87,94
2,6,8,14,38,67,98,99
14,24,34,36,38,47,58,91
1,21,28,34,38,66,81,93
8,12,30,61,66,72,83,85
2,12,20,40,61,63,85,86
5,9,12,20,21,32,45,61
12,15,25,34,47,66,79,93
11,25,27,42,62,64,74,86
15,38,69,83,90,92,93,100
11,14,16,34,38,56,78,85
7,10,21,25,58,60,71,99
7,17,20,21,43,71,76,84
9,11,15,61,62,64,81,83
12,39,55,69,74,86,87,99
4,5,14,61,63,77,82,98
2,5,14,16,52,55,65,95
3,34,49,61,66,74,81,90
5,14,25,26,42,44,86,90
20,25,38,62,84,87,91,95
14,15,16,25,36,50,74,92
21,23,38,66,69,83,91,97
8,16,30,35,62,83,91,95
8,14,21,40,55,75,98,99
25,34,45,61,64,70,94,99
7,20,44,65,74,77,82,90
1,3,6,9,21,66,69,98
2,9,10,40,42,64,83,94
24,40,46,55,56,76,87,98
1,25,32,35,47,62,82,94
21,39,52,71,81,85,95,98
14,25,27,44,47,65,82,85
37,55,67,70,72,76,87,89
1,2,28,52,55,71,81,86
37,48,56,65,67,74,87,98
7,15,28,42,47,56,64,68
32,35,44,48,79,84,87,89
4,35,42,52,53,55,69,85
5,16,17,26,62,64,98,99
47,48,55,70,71,76,79,87
2,6,25,38,48,52,66,69
16,20,30,35,44,68,87,98
25,27,34,37,48,61,74,93
23,47,48,63,70,74,83,87
16,37,40,48,55,70,71,83
16,34,44,48,53,81,86,89
16,17,33,34,44,64,86,90
9,31,32,38,64,70,87,91
2,5,26,42,56,68,83,99
7,17,24,39,56,60,90,98
7,19,38,39,56,74,81,90
7,35,71,75,77,82,83,93
8,28,30,42,45,64,67,69
9,20,21,34,54,59,71,94
1,12,24,28,34,42,61,71
5,19,28,55,67,77,87,92
11,17,25,37,61,71,74,80
3,16,20,53,54,55,60,99
32,38,42,48,62,66,77,91
7,28,36,38,59,71,87,94
9,22,25,47,54,58,66,69
15,20,25,32,56,59,74,94
2,7,23,34,35,70,86,92
7,15,21,38,59,66,77,84
12,21,22,60,67,71,77,98
1,2,3,6,14,42,76,86
21,24,28,39,44,61,83,84
14,23,32,38,39,77,83,87
17,28,38,61,67,73,79,90
2,6,29,37,42,64,67,85
1,7,21,32,35,43,77,95
19,28,32,56,61,76,87,91
3,25,32,64,73,82,85,96
11,16,17,38,55,77,83,85
16,39,40,50,55,76,89,95
14,17,21,27,44,55,83,85
2,7,25,28,52,53,56,95
16,35,62,63,81,82,87,89
5,16,23,25,29,64,68,99
5,6,15,20,34,47,56,86
20,29,30,33,35,47,61,99
8,21,22,25,69,83,85,99
20,36,48,55,62,69,74,79
3,7,16,28,30,66,81,92
9,26,42,69,70,71,74,89
30,34,42,50,59,62,71,85
5,16,29,69,81,83,86,100
7,12,14,23,25,35,65,90
2,5,9,40,77,81,83,92
14,29,50,60,69,72,81,82
2,15,48,53,61,81,89,94
16,17,30,53,64,81,82,83
55,78,81,85,89,90,92,94
13,14,38,52,61,75,81,87
7,20,28,42,45,58,71,75
2,9,12,25,61,65,74,83
2,9,16,38,44,58,68,83
21,25,26,34,38,40,56,95
4,14,46,52,60,69,87,89
35,59,62,69,86,90,95,98
20,23,55,69,71,76,97,100
20,29,34,35,40,49,82,87
20,35,70,71,87,91,98,99
11,16,66,76,84,90,93,98
16,29,34,35,53,54,89,99
3,21,60,74,79,90,98,99
17,25,38,46,61,82,85,89
18,38,42,48,69,87,89,93
12,28,47,55,71,86,87,97
7,15,21,37,53,58,60,89
16,19,25,66,77,85,87,99
8,12,20,27,35,69,81,95
16,20,22,28,32,57,62,95
12,42,44,48,67,75,76,81
10,12,20,21,23,38,55,68
2,24,32,33,64,70,86,98
3,5,21,27,28,50,55,89
9,14,17,24,25,45,62,69
9,14,16,29,59,81,90,98
5,15,21,29,55,59,69,82
2,30,62,66,67,77,82,98
5,16,52,59,67,77,82,89
14,22,40,42,47,67,82,84
5,14,16,25,28,29,75,90
7,23,24,26,37,38,67,90
7,14,38,41,42,91,93,95
16,20,24,42,65,70,76,99
12,17,28,32,71,76,97,98
15,33,38,43,52,55,85,89
9,15,23,29,34,37,55,65
5,7,39,44,47,48,56,67
2,7,22,38,48,66,81,94
8,25,60,66,69,71,75,89
25,39,42,48,62,64,86,87
8,12,34,47,59,60,66,90
21,30,35,53,58,69,98,99
7,14,29,30,67,85,90,91
14,16,25,34,50,62,68,86
10,12,15,20,21,42,60,82
14,21,25,32,33,44,85,94
7,12,30,42,64,67,74,92
5,8,26,42,44,67,69,71
7,35,37,47,56,62,64,95
7,9,14,17,30,45,83,87
12,32,48,50,61,63,76,90
5,40,55,67,71,82,88,92
2,26,34,35,38,51,56,81
10,12,21,32,64,66,77,83
2,30,37,55,59,62,67,95
17,20,35,47,61,78,96,99
2,62,69,74,81,89,91,92
28,29,61,72,77,83,87,95
7,20,42,46,66,70,90,97
3,14,25,32,38,59,61,78
16,34,42,66,70,92,93,99
1,20,25,60,64,69,87,93
7,16,29,68,76,83,85,97
8,16,38,48,55,71,79,93
20,26,30,34,35,48,50,90
3,28,56,69,76,81,88,90
2,12,19,32,37,48,66,83
3,17,33,66,69,82,87,98
10,14,17,30,34,42,74,87
47,52,59,61,64,76,87,99
1,12,16,35,55,67,73,82
5,21,56,67,69,89,99,100
7,30,35,47,52,63,77,98
8,12,15,35,39,61,64,85
1,7,29,30,60,64,81,87
2,10,39,48,61,66,77,83
9,15,22,25,38,67,69,93
1,29,47,61,71,82,85,89
5,20,24,32,42,44,65,84
38,55,66,67,68,70,81,93
35,38,47,54,55,67,70,95
14,42,62,67,74,77,79,99
2,16,39,56,64,67,75,86
5,29,34,47,48,64,75,77
8,12,20,21,24,37,61,92
8,15,16,29,55,66,67,68
24,39,55,73,76,90,93,98
19,23,34,37,48,71,76,87
2,17,28,30,59,69,95,98
15,20,21,24,30,39,58,69
26,35,40,61,71,81,82,89
8,38,40,42,55,63,64,98
2,14,43,52,67,82,85,98
1,21,35,47,58,78,83,86
2,28,55,56,76,81,83,91
7,14,25,28,29,42,78,86
14,26,34,42,44,69,74,86
3,12,13,16,81,86,95,98
7,9,25,40,58,65,71,74
3,25,45,60,65,66,69,90
26,32,61,64,70,85,93,95
5,20,43,44,69,71,93,99
2,5,8,44,55,59,71,86
17,20,38,44,55,74,87,92
1,5,16,77,83,87,93,95
14,24,53,61,81,83,94,99
20,25,38,44,47,69,72,86
5,12,20,57,61,81,82,92
30,42,54,61,64,67,85,93
17,20,21,44,75,76,81,85
15,69,78,82,87,93,96,98
2,20,25,38,61,85,92,93
2,14,22,34,55,56,62,86
6,7,16,20,35,44,48,77
21,23,24,34,61,65,68,82
6,8,16,25,38,62,71,87
1,7,42,62,67,74,86,90
30,46,47,67,70,74,81,96
21,29,38,43,61,66,84,98
5,7,8,28,49,59,83,87
14,37,47,62,67,72,74,81
2,52,60,69,83,94,95,96
3,5,16,20,24,55,63,68
5,14,54,61,62,90,93,98
5,7,21,40,56,83,86,96
20,23,24,27,28,61,64,96
11,29,30,32,42,55,71,82
7,25,37,47,56,76,91,95
10,15,25,32,47,60,77,89
1,5,16,34,44,77,81,95
3,5,16,19,24,42,59,83
2,32,64,72,74,77,79,98
8,14,19,23,48,55,78,98
16,31,32,37,53,56,74,95
26,34,35,58,59,64,85,87
2,5,17,24,25,69,84,91
7,21,35,39,52,64,83,99
10,25,30,52,55,71,85,89
4,14,28,34,40,55,56,86
14,16,22,37,55,62,76,85
9,24,31,39,64,69,77,98
2,17,24,28,34,62,67,91
4,7,21,62,71,82,83,85
1,3,15,21,24,34,50,60
21,29,48,61,64,78,81,82
5,7,23,27,28,47,68,89
2,28,32,46,60,61,68,77
2,29,30,40,65,71,85,98
5,21,24,42,70,84,86,98
2,6,25,29,35,75,83,85
5,9,16,50,67,75,81,90
1,14,16,34,37,58,76,95
21,30,31,32,58,61,66,92
2,5,34,44,55,68,94,95
28,34,35,37,44,61,65,87
14,16,58,79,82,85,87,89
3,25,47,48,76,77,78,98
9,15,16,22,52,67,76,87
5,14,28,42,52,69,75,90
12,15,21,35,52,61,65,81
21,35,44,64,69,79,83,86
2,17,24,25,28,34,53,70
7,17,20,35,40,79,90,95
11,38,61,68,71,81,89,93
6,20,25,38,47,56,85,93
8,16,21,24,30,46,67,82
3,12,16,24,39,55,60,83
23,34,35,60,61,65,87,97
7,38,42,58,59,74,89,100
22,30,42,48,56,64,69,98
47,60,61,64,75,81,83,93
3,5,16,28,34,50,71,75
3,20,24,37,46,47,60,81
11,30,32,35,37,58,61,89
7,21,40,54,83,85,90,92
7,16,28,50,67,68,74,97
2,7,9,32,52,64,88,99
17,21,44,53,55,66,69,89
38,55,56,68,71,73,74,98
14,16,19,48,55,56,83,93
11,20,25,42,52,66,82,86
21,25,35,43,64,71,86,93
7,25,47,48,58,64,66,73
24,34,55,56,62,75,82,90
2,5,21,67,68,81,93,99
6,32,38,42,58,64,82,98
5,23,30,53,61,67,70,71
7,20,21,54,70,71,85,91
14,21,24,25,33,34,62,99
21,25,35,37,56,61,79,99
11,12,20,21,30,60,64,81
2,8,15,38,42,53,83,86
12,16,20,21,68,74,84,93
1,34,58,71,81,85,86,90
38,42,55,58,63,71,81,99
14,16,50,55,56,60,65,83
11,19,24,69,70,81,82,98
3,32,48,55,66,68,77,81
2,4,14,30,55,62,67,76
15,25,27,32,44,65,74,98
29,42,68,72,83,85,86,95
15,17,55,60,84,87,89,98
3,7,10,15,34,38,47,77
3,7,11,31,60,71,81,89
2,25,28,31,44,61,76,91
14,16,22,42,62,74,95,97
11,38,56,69,87,98,99,100
9,21,33,34,38,44,61,82
31,35,58,60,61,82,87,98
1,15,32,36,47,48,58,98
1,5,15,17,21,25,62,89
21,22,42,60,64,70,82,83
5,23,26,30,69,70,83,90
17,25,38,40,69,71,88,99
2,12,25,69,76,91,94,99
2,21,23,32,39,62,64,99
14,30,44,55,69,74,77,91
9,15,17,38,53,55,83,90
25,26,50,60,82,84,90,98
2,28,29,30,39,60,81,83
16,23,34,37,85,89,90,92
2,4,25,30,34,56,60,64
14,17,24,44,47,49,61,86
1,2,35,61,62,67,82,98
31,44,55,58,67,71,86,87
21,30,43,48,52,55,66,89
20,35,60,61,62,79,87,94
1,7,14,30,54,70,74,87
1,25,35,44,67,69,86,93
2,9,23,25,32,75,89,99
7,58,65,71,73,83,86,89
2,11,58,62,67,69,71,76
10,21,30,48,56,61,74,98
14,29,32,55,60,64,87,100
24,28,50,55,58,59,64,90
16,22,38,86,89,93,98,100
5,11,55,66,82,89,90,94
17,21,55,56,60,68,69,89
11,17,20,25,42,71,73,85
14,21,29,38,45,67,85,98
1,20,25,35,48,61,70,90
2,9,25,35,44,61,67,91
2,38,39,52,55,83,85,99
14,39,52,55,82,90,94,98
38,39,42,46,47,66,69,93
2,21,28,30,32,35,58,91
7,10,15,21,37,38,44,66
2,46,52,61,64,67,71,82
19,34,38,52,59,66,69,85
6,7,14,16,45,48,70,74
32,39,61,66,70,86,87,98
2,4,8,15,32,34,39,60
32,35,38,62,72,75,83,90
4,24,25,29,60,79,87,89
17,18,28,55,60,71,79,98
12,26,48,55,69,76,83,87
7,19,21,32,60,64,66,93
3,10,14,28,61,68,76,90
7,12,20,35,39,45,98,99
2,25,52,61,68,85,88,95
16,24,38,44,53,55,83,86
2,15,28,29,32,37,40,43
7,17,20,27,34,48,66,90
9,12,15,22,34,38,47,66
19,25,30,32,48,66,77,94
3,16,24,25,37,42,48,100
32,44,58,65,71,85,86,98
32,44,46,58,60,81,83,95
20,21,26,30,35,56,61,99
28,30,60,62,69,75,77,98
9,31,42,44,55,71,94,95
35,44,47,48,55,59,89,93
13,24,25,37,47,50,56,60
2,15,19,29,34,37,81,85
16,24,34,64,77,84,87,96
6,8,42,48,55,62,86,89
7,9,12,15,42,53,74,81
3,7,60,66,78,89,90,92
14,16,29,38,55,84,90,94
2,39,52,55,66,76,86,98
2,3,8,24,32,42,48,96
5,7,10,17,67,70,82,87
1,12,24,25,37,47,61,64
5,12,21,30,46,55,67,99
21,24,33,34,38,68,69,93
7,22,25,32,38,56,89,95
12,19,34,48,55,71,87,99
16,20,23,82,85,90,91,97
9,22,35,52,55,73,83,90
12,16,28,39,42,60,67,84
20,32,37,50,54,60,79,87
5,15,55,56,69,86,89,92
7,8,38,40,42,74,90,91
8,39,40,42,69,86,89,99
7,16,29,38,53,66,81,86
37,42,47,59,76,77,98,99
24,48,52,53,69,76,81,90
3,27,35,37,47,55,83,99
2,7,13,35,44,86,96,98
16,34,52,56,74,82,89,91
1,5,16,56,71,73,82,98
7,37,46,47,62,67,77,95
17,30,62,64,69,74,84,98
12,16,22,32,60,76,98,99
37,38,61,65,81,82,87,94
2,15,21,34,38,77,79,84
1,21,24,44,69,71,77,89
2,9,23,35,42,67,79,89
25,49,67,76,87,91,93,95
7,12,17,21,30,51,67,76
9,15,20,21,29,46,61,74
2,3,4,7,14,30,95,96
12,27,47,71,74,82,93,98
15,17,30,61,76,78,81,89
3,5,28,39,61,66,81,83
11,12,14,25,35,52,82,90
16,19,20,33,55,62,76,87
30,48,61,62,63,74,81,98
11,20,23,29,38,69,87,95
7,42,58,64,66,73,82,98
7,14,44,65,74,94,98,99
26,28,47,58,81,87,89,95
24,38,43,55,56,67,69,73
2,19,20,33,55,77,85,95
9,19,21,69,71,75,89,93
23,32,64,68,74,87,95,98
15,25,36,37,44,64,90,98
12,16,30,35,50,67,82,92
15,24,32,40,56,64,87,97
7,42,68,71,74,77,82,93
24,32,34,38,42,56,92,94
7,21,54,66,67,70,79,86
2,22,23,24,30,62,69,89
7,35,47,59,62,82,83,94
2,25,28,39,52,54,64,66
3,7,38,49,74,75,89,90
6,16,38,44,48,55,67,71
6,15,16,34,42,62,74,86
3,7,37,42,63,70,83,95
3,9,20,34,35,46,61,95
2,12,19,39,60,67,69,95
23,24,55,58,60,63,83,90
21,29,30,66,69,75,76,81
10,39,44,47,60,69,83,95
29,34,44,47,60,75,76,89
2,9,14,25,32,52,75,76
20,23,28,32,33,61,87,100
4,15,22,34,52,61,66,81
20,46,58,61,62,74,90,95
1,8,25,32,52,82,83,95
5,14,34,44,46,48,55,56
1,17,28,42,70,85,89,98
9,11,14,16,42,44,50,74
21,25,48,67,68,70,74,77
4,7,24,25,44,79,85,90
6,14,15,19,56,61,85,98
2,11,25,34,56,61,76,85
9,20,21,24,56,61,72,79
24,30,32,47,53,76,77,81
5,25,31,32,33,47,50,82
21,28,29,38,55,66,67,100
2,3,25,32,37,59,71,74
3,11,32,64,85,87,95,98
5,7,30,43,44,90,94,98
2,8,14,40,60,61,81,96
2,19,28,56,59,66,69,98
8,34,38,40,48,61,75,90
14,39,42,48,55,58,74,87
2,23,29,30,32,39,71,83
30,42,76,82,84,90,93,98
2,14,25,35,37,79,94,95
5,25,47,48,63,64,84,93
7,40,56,78,83,85,89,92
1,6,42,58,74,89,90,98
24,29,40,53,55,69,76,83
12,14,25,47,62,83,95,97
5,7,14,23,42,68,81,82
37,55,56,76,79,81,83,95
32,50,51,65,74,83,87,95
7,9,32,43,52,74,87,89
20,32,35,48,52,75,86,98
1,28,45,52,60,66,69,98
14,21,34,48,55,86,92,93
11,16,55,64,67,72,85,93
9,15,21,25,46,55,56,74
3,7,60,67,68,82,87,100
19,40,60,61,66,81,82,89
16,35,38,44,71,75,81,98
19,20,38,40,42,69,74,95
1,9,12,36,47,71,81,89
3,8,21,24,60,67,91,98
14,15,17,21,38,69,70,79
17,20,21,22,34,48,64,81
1,2,3,25,37,38,66,67
7,20,25,44,54,76,79,95
2,3,9,32,38,42,66,92
7,8,34,44,47,48,78,99
5,12,16,31,34,68,81,87
3,5,33,61,81,87,89,95
8,16,20,45,52,64,74,81
6,20,37,42,62,66,69,74
2,29,59,61,67,95,99,100
7,11,19,21,56,60,66,67
16,19,20,24,39,47,56,82
2,9,16,29,34,40,74,79
7,24,25,38,56,67,75,84
23,30,35,47,55,56,81,91
2,5,10,50,55,69,86,96
15,39,42,47,58,76,81,86
29,35,37,42,53,89,90,95
24,37,47,53,61,78,89,93
5,10,20,42,69,77,93,99
21,29,32,38,55,71,74,79
3,32,38,75,82,83,90,95
22,28,38,42,58,67,69,71
7,14,16,37,40,56,85,92
3,9,25,63,71,84,90,98
1,5,9,17,32,62,64,98
3,7,16,19,74,81,90,95
20,21,38,55,65,74,82,93
55,62,66,75,82,86,89,90
5,9,15,22,34,55,62,93
1,20,47,64,70,78,85,98
7,12,23,37,38,42,65,74
7,14,16,17,28,59,74,77
42,43,47,48,58,67,71,77
6,29,48,64,69,74,81,87
2,7,15,20,33,77,81,86
2,15,42,44,58,60,68,81
5,19,40,64,69,71,91,98
14,19,61,76,78,81,93,99
25,28,32,46,70,76,90,92
7,48,53,64,66,86,90,94
32,43,58,71,81,82,85,98
7,14,15,70,83,84,86,97
14,25,30,32,44,59,87,95
5,7,11,52,67,71,77,89
5,8,23,37,39,61,67,87
2,15,38,48,52,55,79,83
4,39,40,60,69,76,83,95
8,10,37,61,64,67,81,99
7,17,21,34,66,68,82,85
17,20,21,24,32,38,55,63
14,17,37,59,69,70,76,87
12,15,33,48,61,76,81,98
1,9,14,34,47,69,85,93
19,21,32,39,52,66,98,99
5,16,21,29,63,64,98,99
2,9,20,27,35,55,58,68
25,44,47,68,76,83,94,99
12,28,34,35,55,78,87,93
7,16,28,30,58,76,77,92
16,24,28,29,60,79,90,98
14,16,56,59,74,87,98,99
3,7,22,34,37,60,74,87
3,15,17,21,83,85,86,92
24,28,58,64,65,69,71,98
26,28,38,69,71,77,81,98
15,21,47,56,60,62,75,89
14,39,42,62,83,90,94,99
9,21,24,39,64,70,91,98
18,20,32,52,76,87,96,99
5,8,16,30,32,44,68,95
8,37,55,60,66,75,89,90
12,20,22,25,34,61,85,88
42,55,56,60,66,72,83,94
8,9,11,12,61,66,74,89
12,37,47,55,66,85,89,100
5,42,62,69,77,92,95,98
1,8,9,21,38,52,83,90
11,12,16,30,32,35,40,99
2,49,50,55,65,71,85,89
3,5,55,56,69,83,92,95
30,42,44,45,60,66,69,92
3,6,21,64,71,81,82,83
25,42,67,69,93,95,96,99
7,19,23,30,34,74,87,99
1,5,16,26,34,70,89,95
7,15,38,47,48,54,56,83
8,10,31,40,61,67,76,95
2,3,15,24,34,64,81,91
2,20,23,53,55,71,76,86
2,5,7,28,54,58,67,77
5,34,40,42,56,64,82,97
5,67,69,70,81,82,87,96
7,35,46,47,58,67,86,95
6,16,17,30,67,71,74,81
3,16,34,46,48,64,81,86
7,14,42,44,48,53,67,88
23,33,61,67,70,71,75,87
9,14,16,21,25,29,65,74
8,15,35,47,53,54,87,98
1,16,17,32,60,66,89,99
15,17,38,42,45,64,67,98
12,18,21,24,42,64,83,91
5,7,11,21,51,56,81,99
7,47,60,75,76,81,83,93
21,37,40,70,74,81,83,92
25,60,61,66,82,87,93,96
9,17,47,61,71,76,87,92
1,2,16,34,35,58,82,89
7,12,35,37,47,52,81,84
2,12,15,32,60,74,78,81
32,33,35,56,61,72,81,82
20,34,42,62,71,82,87,88
19,20,38,47,58,79,95,98
17,28,69,71,79,85,89,97
7,19,25,47,60,70,76,99
17,25,67,76,79,86,87,95
2,5,14,17,44,57,69,82
30,42,43,71,85,89,94,98
2,5,16,30,34,58,62,79
9,15,30,43,58,61,71,89
28,34,53,61,70,90,93,95
3,8,9,47,49,55,67,85
38,56,59,61,67,71,78,95
22,38,40,42,47,82,83,84
2,20,31,32,38,59,62,95
19,33,38,47,58,67,71,87
4,20,34,37,42,44,66,68
20,23,47,60,61,64,77,82
2,7,32,60,68,70,71,76
14,24,44,47,55,67,79,86
5,7,37,42,53,58,64,71
6,8,21,59,61,64,67,95
5,25,37,42,43,62,95,98
1,8,27,35,38,69,83,99
7,12,30,47,71,76,92,98
1,5,21,58,61,64,81,82
7,15,16,23,35,68,73,98
9,23,34,42,63,69,71,77
7,14,19,35,42,43,56,86
5,17,25,42,66,68,83,96
10,16,20,32,37,60,87,93
5,9,42,53,56,69,83,100
12,14,21,25,34,39,60,95
5,21,22,34,40,61,66,73
16,28,40,45,64,65,81,83
1,15,20,35,69,77,90,94
6,14,24,37,47,56,90,98
29,46,47,59,61,66,89,99
32,37,49,61,71,76,93,99
17,21,33,34,35,44,89,90
17,32,35,44,61,64,65,86
32,42,46,56,71,74,86,89
2,10,16,20,74,81,93,99
12,32,35,47,52,79,81,86
4,44,48,55,56,67,68,74
21,25,35,39,58,60,69,95
7,16,20,27,38,56,85,99
7,15,16,17,60,79,81,89
2,34,35,52,73,81,82,94
21,26,28,47,56,64,83,93
7,12,15,21,59,60,74,81
15,16,20,24,30,62,68,81
11,20,21,25,62,71,74,77
21,22,32,38,44,64,81,95
7,24,29,42,68,78,89,90
26,28,34,42,43,56,67,85
3,21,48,55,69,74,88,89
7,9,14,16,19,25,74,94
3,15,25,30,32,76,83,91
16,17,27,43,76,86,89,98
35,38,47,58,67,73,75,87
1,2,12,24,60,61,83,93
5,15,34,66,69,70,75,81
37,45,52,56,69,76,83,90
7,27,42,44,71,74,82,83
2,9,15,34,53,69,74,93
38,45,52,61,68,71,87,98
7,64,71,74,77,81,96,99
21,32,52,64,85,86,90,91
5,7,16,24,25,58,97,100
2,23,53,55,67,77,85,95
4,24,47,48,79,89,94,98
14,17,38,61,62,72,98,99
10,25,35,61,62,68,87,99
9,12,47,66,68,81,84,98
15,38,52,55,68,81,87,89
6,8,9,12,14,55,90,98
7,31,35,59,83,90,94,99
6,14,16,34,48,62,73,99
16,28,30,35,39,70,83,87
8,13,32,37,59,61,66,98
2,5,10,25,52,61,66,86
26,55,56,83,84,85,90,95
20,21,34,40,51,59,85,99
5,16,23,25,48,54,64,66
2,12,24,37,69,75,81,96
14,15,23,42,46,70,76,98
11,42,47,60,67,71,88,93
5,10,12,14,15,16,34,50
30,34,35,51,60,61,70,94
2,35,52,55,68,69,85,96
30,42,56,66,81,85,92,98
19,21,32,40,48,66,70,89
17,21,25,26,34,37,66,76
55,58,71,82,85,90,96,98
16,44,46,55,60,66,82,87
2,15,16,17,30,34,35,91
4,5,15,21,22,50,55,98
2,7,15,24,62,68,83,94
7,16,17,28,60,81,91,98
5,33,42,44,48,58,89,90
2,5,16,20,28,39,70,94
6,7,12,35,40,71,85,87
3,5,10,14,21,48,69,98
1,16,38,48,62,66,81,83
5,7,15,25,31,47,50,91
20,38,39,48,56,61,78,87
16,25,32,52,71,78,85,99
8,31,52,81,83,86,89,95
10,34,52,66,69,84,85,90
58,62,66,69,85,90,91,98
4,30,35,37,58,69,87,98
5,15,25,51,52,69,87,97
14,22,34,56,61,85,87,93
2,3,11,25,30,69,73,85
3,26,32,38,47,48,55,89
19,20,21,24,42,50,86,92
7,25,35,43,44,56,82,87
24,25,34,53,58,82,86,89
5,7,25,33,47,67,82,93
2,8,35,37,64,69,73,99
15,24,34,47,58,61,65,100
15,16,21,25,44,53,70,74
20,30,42,55,65,70,85,99
3,25,35,67,75,95,97,98
15,29,32,35,38,47,68,83
23,34,59,64,66,69,86,90
1,21,32,38,44,56,74,83
10,14,37,40,61,62,67,74
3,5,7,21,59,66,70,81
3,57,59,61,67,74,81,99
3,7,30,59,66,67,94,99
21,22,30,34,52,66,74,77
10,16,25,37,52,83,95,100
24,40,42,47,70,72,76,98
2,3,25,33,60,67,74,82
3,12,16,24,33,55,67,71
15,30,38,61,78,83,87,93
7,21,22,64,70,83,86,95
2,3,22,30,50,55,64,81
25,42,65,66,67,70,76,84
7,17,48,66,76,89,96,98
2,25,34,62,66,68,82,85
30,47,55,73,85,93,95,98
20,30,56,61,66,85,87,96
17,29,30,32,42,64,68,90
12,34,38,69,85,90,97,99
4,24,25,44,60,64,67,79
20,26,52,61,76,85,90,92
2,7,9,76,79,81,83,93
8,19,20,37,47,59,60,69
9,24,34,62,64,68,87,100
1,25,40,48,61,66,83,87
11,21,25,32,35,86,93,99
3,7,37,67,71,78,85,87
7,14,19,21,28,74,93,97
1,7,35,42,47,64,70,86
5,22,24,34,42,47,62,89
6,7,37,74,87,94,98,99
1,14,17,42,48,55,76,100
15,16,45,58,65,74,89,98
2,9,34,46,56,63,71,81
7,17,24,47,64,75,81,99
2,16,25,33,40,62,66,85
15,16,34,42,70,78,85,89
4,20,38,40,42,61,85,91
12,20,25,69,75,76,85,94
5,9,12,15,23,42,61,75
16,35,44,67,68,71,87,93
2,5,12,27,42,48,64,77
7,14,17,70,83,85,90,92
15,16,19,20,25,38,39,40
17,21,30,48,61,68,89,99
3,30,43,51,55,67,71,74
16,28,32,43,62,74,83,94
5,58,61,64,67,68,91,99
48,55,62,65,76,87,88,89
12,14,65,69,76,86,94,98
8,14,42,55,60,71,75,83
23,37,48,52,61,71,75,98
29,43,69,71,74,77,86,98
2,15,40,43,48,50,89,98
16,34,35,43,44,48,50,95
16,38,58,60,64,65,69,99
20,30,43,55,60,69,88,94
5,7,25,58,59,67,82,87
38,58,62,69,81,85,87,96
9,16,38,46,58,62,81,98
3,24,28,60,69,87,89,91
8,14,30,60,68,81,90,92
5,25,47,52,61,79,89,99
23,61,66,68,76,88,89,90
8,21,25,38,43,61,62,66
15,16,46,50,55,56,85,89
3,5,14,16,79,81,83,84
8,43,48,66,69,70,89,90
14,21,37,52,60,61,89,92
14,25,32,59,74,77,87,95
12,14,15,34,55,60,65,87
9,47,68,69,70,71,76,93
16,24,32,55,64,70,87,91
10,12,16,20,28,35,40,90
12,30,55,66,76,81,83,96
10,15,16,17,25,64,67,85
21,23,25,63,67,76,77,95
9,14,21,59,62,67,69,81
6,32,35,55,82,83,94,95
1,28,34,42,47,62,66,76
6,21,35,55,60,62,67,77
21,26,28,55,67,70,71,89
11,29,34,35,54,60,61,81
2,25,37,44,56,67,74,88
2,40,55,71,76,77,78,82
2,7,19,43,44,48,60,98
2,14,45,76,81,94,98,99
2,5,7,25,50,67,86,91
2,8,38,62,69,79,83,85
3,20,22,48,69,94,95,98
1,2,55,62,69,76,86,99
5,20,24,29,30,55,90,91
7,22,24,34,40,87,89,93
14,16,38,43,45,47,62,89
5,7,42,44,50,67,82,97
4,9,12,39,71,76,83,87
16,28,34,50,66,68,89,93
23,32,59,60,71,78,83,87
8,16,28,35,68,69,81,89
30,44,61,66,75,85,94,98
2,3,31,55,66,68,83,86
1,20,24,25,30,61,70,82
7,64,68,70,74,81,90,99
6,23,32,62,64,71,83,86
11,67,69,70,74,81,87,99
7,42,58,60,67,82,90,96
24,32,50,61,64,70,87,96
14,38,47,48,50,58,83,92
5,11,16,20,25,71,93,95
12,16,18,32,35,37,40,95
16,22,34,50,58,67,76,85
12,16,17,35,67,71,82,96
7,11,17,25,44,83,85,90
7,10,12,15,66,74,81,84
25,52,59,67,71,74,86,87
22,23,28,29,30,34,69,71
7,11,15,31,58,64,67,86
3,14,19,22,32,61,76,99
21,33,35,52,55,64,69,86
23,32,34,45,60,64,87,95
8,20,28,61,62,66,88,90
42,48,56,71,74,75,83,97
3,28,42,69,76,81,88,95
14,21,30,52,60,61,81,88
5,6,21,37,40,46,66,83
5,10,15,32,56,61,68,89
5,21,34,39,50,52,55,82
9,12,33,40,61,64,67,90
12,15,24,25,26,30,61,67
39,42,44,46,66,82,83,90
3,19,32,38,61,66,68,89
14,38,48,62,68,69,90,100
11,15,20,21,37,42,58,76
11,14,15,21,30,61,76,93
20,35,42,48,55,70,86,92
3,7,20,30,42,59,95,97
16,21,23,34,60,62,71,73
5,25,29,34,37,47,53,66
2,24,31,52,55,85,89,91
2,14,16,19,33,44,81,85
3,21,33,59,64,69,71,98
14,17,32,35,37,48,59,81
9,17,45,55,71,76,87,92
16,30,32,35,56,75,81,94
1,30,47,56,61,67,76,94
2,37,45,55,66,74,93,98
11,25,26,47,48,67,71,94
20,21,23,29,46,61,71,76
2,23,65,67,72,74,82,89
3,20,21,24,55,64,68,86
17,20,28,35,61,65,70,87
3,9,15,22,35,81,83,90
2,7,12,35,81,89,91,95
7,16,35,67,70,79,88,95
14,32,40,60,61,68,87,94
5,7,30,32,45,53,70,71
9,19,25,35,40,52,71,98
8,15,34,47,65,86,87,89
11,14,24,42,47,62,83,99
1,2,7,14,15,23,70,76
7,12,21,24,38,79,89,93
25,38,39,42,48,58,74,83
2,38,40,42,72,82,83,85
2,40,53,55,60,69,74,84
12,24,25,34,59,66,87,99
2,12,14,19,30,34,61,82
15,24,50,55,64,69,91,93
8,12,24,26,47,67,82,89
64,67,81,84,86,90,92,94
14,19,34,42,52,60,65,81
16,20,38,40,56,81,90,91
8,11,21,31,34,37,42,76
5,16,17,21,44,64,75,98
3,37,38,55,81,84,89,95
30,34,40,69,75,76,81,84
11,29,30,67,74,77,81,87
3,21,34,39,50,60,64,86
17,29,35,54,55,60,67,82
7,23,35,37,38,42,90,97
16,25,34,37,71,77,92,95
1,2,19,29,35,42,83,95
19,21,38,56,66,82,83,97
2,24,33,38,44,61,67,82
11,21,38,46,48,50,61,98
25,38,44,47,56,66,68,83
7,10,24,25,42,68,76,93
9,16,22,34,58,64,69,85
6,30,40,47,61,64,82,98
9,16,24,34,37,54,55,93
23,55,69,74,86,89,90,92
20,35,60,61,73,77,81,93
7,11,28,35,50,62,89,90
21,24,52,64,67,69,73,99
4,32,47,50,65,74,82,98
24,40,59,61,64,70,86,90
22,47,62,64,74,81,83,86
5,12,25,39,61,87,94,95
24,27,42,47,82,89,90,93
5,20,21,22,34,42,50,93
10,28,34,38,61,68,70,90
25,28,38,47,56,65,74,87
2,7,12,20,39,51,60,74
1,2,3,16,38,42,89,99
1,9,14,52,61,67,74,99
2,12,35,42,55,67,75,85
15,16,31,32,56,60,87,89
9,29,45,47,76,81,82,98
16,17,59,70,71,74,86,89
20,23,38,60,69,77,82,96
9,10,14,24,32,42,81,93
5,15,19,56,69,82,83,87
1,9,32,50,55,70,71,74
2,22,34,55,74,81,93,99
15,20,21,25,63,66,84,94
12,24,31,43,47,48,69,83
9,34,39,42,52,64,74,90
2,29,44,61,66,76,89,96
15,17,39,47,55,64,82,100
34,42,59,62,64,82,87,95
14,30,32,46,81,82,93,97
2,16,20,30,55,58,85,92
5,7,12,16,64,83,88,94
21,25,40,60,66,67,68,90
6,9,14,17,38,61,71,98
20,61,70,75,85,86,87,98
16,29,34,45,60,65,89,95
7,32,37,58,66,79,90,97
28,34,47,62,66,76,77,79
29,32,35,60,75,81,83,95
12,15,34,42,43,45,76,90
8,11,21,25,69,71,74,86
22,24,25,27,29,83,87,99
3,20,21,47,53,66,68,95
5,25,26,50,58,83,87,99
7,11,15,17,21,56,74,83
29,34,42,45,48,55,71,99
24,31,58,62,67,69,81,99
25,35,40,59,64,69,90,94
12,25,43,47,67,71,89,99
5,15,47,50,52,65,83,87
10,14,21,25,28,38,44,61
6,15,32,42,62,77,85,89
15,16,25,28,32,43,56,64
32,47,58,64,76,91,95,98
7,40,63,85,89,90,94,99
6,26,32,55,58,74,87,99
2,3,14,25,48,59,69,70
7,21,30,32,35,93,95,96
9,17,27,44,47,55,66,83
16,20,23,25,35,37,63,90
15,21,55,77,83,86,93,96
2,23,35,48,62,63,81,98
16,17,30,45,48,64,70,81
28,31,42,62,76,89,96,98
4,20,28,30,40,42,59,69
35,47,70,71,81,83,91,99
35,42,46,56,67,69,82,87
16,35,42,48,50,62,75,89
12,16,17,25,26,60,82,83
16,29,60,64,66,78,83,87
2,14,42,53,56,68,83,85
7,9,11,12,21,73,74,89
12,52,55,76,81,83,91,99
8,21,24,38,63,69,73,98
3,27,42,48,69,89,92,98
19,43,44,66,69,85,89,90
7,15,22,36,40,60,87,98
9,15,19,21,44,81,91,98
16,23,27,42,48,71,75,83
25,27,32,38,71,87,94,99
7,16,20,22,23,60,73,74
8,15,20,31,43,61,81,85
5,11,12,37,42,81,83,87
2,15,34,35,37,45,69,94
14,32,75,82,85,90,93,100
8,16,25,52,53,86,89,95
9,25,27,38,47,64,67,77
7,25,28,35,38,52,67,68
7,21,35,38,44,71,75,81
16,20,24,70,78,81,82,87
17,34,47,64,75,81,82,100
11,16,34,37,67,70,85,90
4,15,21,24,42,44,68,83
29,30,39,47,71,74,81,89
2,11,23,32,34,35,48,86
20,58,59,61,62,82,87,95
12,15,16,20,25,79,84,86
7,16,30,38,46,62,89,96
1,3,21,30,34,38,56,67
2,23,60,62,68,69,76,89
19,35,42,55,58,86,90,95
37,44,47,55,60,71,83,96
7,21,62,67,73,74,79,82
6,7,62,64,66,81,83,87
21,30,34,48,61,64,84,93
5,25,40,48,58,61,68,90
1,32,44,56,64,86,87,98
28,34,45,47,64,71,92,94
20,23,36,43,47,60,66,98
5,8,24,42,69,82,89,92
7,21,22,30,62,64,85,95
29,38,47,55,67,75,87,95
2,15,16,20,22,48,70,76
5,17,21,28,66,67,96,98
7,8,16,30,38,39,62,71
15,25,33,52,54,60,61,74
2,3,14,15,24,55,68,98
7,8,9,21,23,24,59,90
3,5,10,21,28,81,89,98
30,34,47,66,75,77,81,93
1,15,17,27,34,47,61,74
1,20,30,35,62,69,72,81
3,25,37,60,67,75,90,95
5,43,50,58,61,82,90,98
2,16,23,24,28,59,83,84
16,25,56,57,68,76,82,89
3,8,30,43,69,71,81,99
3,16,24,28,34,37,89,97
7,38,50,66,81,87,89,92
7,9,20,40,57,64,81,87
11,16,24,25,34,52,76,87
19,24,39,47,55,58,64,90
2,3,64,67,79,81,86,95
17,30,42,83,85,88,96,99
1,3,5,32,37,56,64,98
47,52,60,67,74,84,87,96
6,7,8,28,70,74,87,98
16,26,28,35,52,55,56,71
30,32,48,52,61,65,76,90
7,9,29,32,46,64,87,95
30,34,40,61,76,79,89,100
5,7,37,42,67,92,94,99
2,14,16,40,48,75,76,98
9,15,23,35,58,59,69,89
33,34,42,48,66,70,76,94
2,52,56,59,61,74,95,98
7,37,38,42,45,47,62,83
39,40,42,46,48,66,69,89
7,37,38,42,62,66,83,96
20,21,37,44,46,55,71,76
9,17,24,25,26,34,52,69
2,3,7,26,77,85,89,99
9,20,30,38,44,63,69,87
15,22,25,31,61,70,74,89
9,21,25,29,69,77,88,95
12,44,53,66,67,81,85,90
20,32,55,58,70,82,88,95
5,9,12,44,47,61,71,79
61,68,74,81,83,87,93,99
2,12,25,36,48,65,71,76
7,42,48,64,65,77,81,86
4,21,24,34,39,58,71,82
26,42,43,60,66,67,90,94
6,7,32,44,60,81,95,99
3,36,64,66,67,90,91,98
24,25,30,61,62,87,89,92
3,21,34,35,38,53,86,90
1,2,3,48,54,55,67,74
5,45,56,67,69,90,95,96
9,16,19,60,62,83,92,95
7,21,30,71,73,74,83,93
16,20,23,26,76,85,87,99
39,47,85,89,94,98,99,100
11,15,20,31,58,61,74,98
4,14,21,34,35,58,82,86
30,42,54,59,60,62,67,98
5,8,21,24,34,39,69,81
14,31,48,69,77,79,81,86
2,11,61,62,74,77,89,99
6,16,20,37,62,66,74,98
5,23,27,34,42,47,65,66
3,21,34,51,55,60,92,99
34,37,61,65,76,90,93,95
5,20,25,28,42,43,45,52
17,25,27,32,38,47,52,85
12,21,24,32,59,64,71,86
6,42,55,76,82,90,93,98
2,11,25,29,32,60,74,99
2,15,29,33,37,55,60,98
2,17,20,32,35,52,85,96
1,9,20,47,55,71,77,87
7,12,28,40,60,73,87,89
15,32,53,60,61,66,70,87
2,25,37,50,60,83,84,95
17,35,38,42,47,53,82,83
3,16,28,30,35,65,67,87
10,20,28,29,69,74,89,90
6,21,25,28,38,69,93,95
1,16,35,55,67,71,77,86
55,58,71,74,77,79,89,99
28,35,44,64,69,90,91,98
6,14,15,21,22,32,52,74
2,3,32,34,37,43,48,76
21,31,38,48,52,55,59,67
5,32,54,59,61,64,70,93
1,21,55,70,76,94,98,99
3,7,35,47,56,75,85,98
9,14,16,21,29,76,81,88
14,25,27,32,38,44,59,95
24,34,44,61,66,86,90,92
6,31,37,55,58,64,69,74
16,34,38,59,89,90,93,95
12,26,32,68,74,87,98,99
8,19,62,66,69,81,83,85
20,21,29,35,37,46,47,48
10,34,48,56,61,66,89,92
16,17,25,40,45,76,85,90
5,7,20,37,62,73,87,96
1,24,25,38,52,61,67,86
7,16,35,38,44,56,67,75
8,14,23,28,30,34,47,59
24,25,30,32,59,64,87,93
7,22,24,38,42,56,67,93
14,42,58,59,62,69,82,95
2,14,29,33,37,38,67,95
30,35,42,46,52,83,85,87
16,17,19,35,38,70,82,98
20,37,38,40,42,61,70,91
5,23,34,44,55,68,82,86
3,7,24,25,28,42,50,75
10,14,29,42,47,48,67,95
16,23,42,43,51,60,67,74
1,2,30,35,62,81,83,92
21,38,55,59,86,93,98,99
17,20,28,42,44,61,66,92
9,42,50,53,67,69,82,90
2,16,19,39,52,60,67,76
4,12,16,22,66,67,81,86
21,28,55,62,67,68,74,94
14,16,30,55,62,68,74,88
22,24,47,60,62,67,81,87
12,40,42,75,85,87,89,99
37,42,44,48,53,55,64,67
21,24,27,34,56,61,68,86
2,24,25,26,48,62,76,89
5,12,17,61,66,79,87,89
15,32,46,60,61,70,89,94
16,25,50,52,76,79,90,98
5,9,29,34,42,46,68,71
5,25,42,43,56,66,83,100
7,14,37,43,62,85,87,98
28,31,42,52,60,61,83,90
16,43,55,66,70,76,81,86
20,24,38,39,52,69,73,98
16,25,35,39,40,77,86,89
11,14,25,61,67,70,86,95
3,15,25,47,74,87,89,91
7,21,22,37,58,64,71,81
12,20,21,44,45,55,74,82
9,50,66,67,76,78,87,98
10,20,21,50,55,62,76,95
16,24,44,58,67,68,76,98
2,14,55,58,59,67,74,99
3,9,27,71,76,77,90,98
14,21,33,34,44,55,58,99
25,29,32,51,65,66,82,90
5,20,28,34,42,50,68,93
34,42,56,59,66,82,87,89
2,28,29,34,38,43,61,84
2,5,7,26,52,67,86,89
4,34,42,56,65,76,86,99
8,12,55,64,65,81,83,99
32,37,44,48,54,55,87,98
7,20,38,42,52,77,95,97
20,47,58,61,71,75,86,97
5,16,18,20,30,34,50,70
20,39,42,45,60,69,74,77
14,16,24,25,28,53,58,90
2,24,37,52,55,64,71,75
16,25,38,39,40,48,71,83
15,30,47,52,55,64,84,96
5,15,22,34,36,37,47,52
7,9,19,35,56,62,64,67
5,8,20,31,43,81,87,98
16,20,52,54,65,71,85,98
16,38,58,68,90,91,94,98
25,33,47,52,67,71,85,86
7,12,25,40,48,64,76,92
3,14,16,34,68,69,74,86
24,27,55,62,65,69,83,99
15,32,38,44,55,83,94,100
1,23,48,61,70,71,81,89
23,29,42,45,47,60,95,98
14,29,34,47,50,53,61,95
8,44,53,61,71,75,85,98
2,11,12,60,61,66,67,84
8,15,16,25,35,78,87,89
9,22,38,42,55,71,93,98
8,14,18,21,81,86,95,98
24,37,47,56,61,76,83,92
12,15,21,22,25,32,37,61
38,48,62,69,79,81,83,99
21,34,38,42,46,58,89,99
14,16,25,26,83,90,93,99
5,25,33,40,42,66,69,82
16,29,30,34,39,55,64,66
35,42,48,67,77,78,81,93
7,27,29,38,42,66,89,99
5,12,16,22,71,78,83,95
2,14,17,32,44,76,97,98
2,9,10,15,40,56,64,83
1,44,47,48,55,67,74,94
7,21,37,43,52,74,81,94
31,34,35,47,53,55,85,93
7,16,22,44,64,71,86,89
29,40,42,66,69,76,85,92
7,19,42,70,74,89,93,95
21,29,32,37,61,63,85,89
2,32,51,52,56,85,89,99
14,40,55,56,59,69,85,90
7,22,23,56,60,67,74,87
5,7,14,15,17,29,33,87
21,23,32,53,60,62,66,98
20,32,33,40,47,48,58,74
6,29,34,40,47,71,81,86
21,47,52,66,67,86,88,90
7,24,28,59,67,81,90,93
5,20,32,34,52,78,81,99
2,14,16,22,29,37,64,98
9,14,21,26,58,70,81,83
15,19,20,42,55,62,76,85
2,16,29,40,54,83,86,95
30,44,66,69,85,90,96,98
21,48,58,61,66,67,89,91
6,19,20,23,69,85,87,90
3,7,34,35,42,45,71,85
2,11,15,25,42,74,77,78
1,2,7,26,29,71,76,83
29,35,44,67,69,81,95,97
14,49,55,60,67,70,81,87
20,47,52,74,81,86,89,91
2,25,37,58,67,88,89,99
2,15,32,40,48,58,65,89
10,25,29,57,60,66,69,89
7,8,20,25,35,47,59,99
3,15,25,32,56,59,71,89
14,24,28,32,42,59,81,93
2,7,9,17,44,76,89,96
2,15,16,18,24,56,60,67
14,16,24,32,44,59,94,99
1,25,40,42,56,76,83,86
8,11,14,30,55,83,85,87
2,16,29,35,43,44,67,85
8,14,16,37,40,42,65,83
19,20,21,63,69,76,90,93
9,14,32,42,55,56,68,95
5,16,17,22,62,90,95,98
9,14,16,38,40,55,83,96
3,33,38,61,73,90,98,99
16,20,23,73,74,86,91,98
2,11,30,34,52,64,81,95
16,30,35,48,62,83,87,97
20,29,37,44,47,55,74,92
9,16,54,64,67,92,94,95
3,5,19,39,42,64,90,98
16,29,48,50,68,76,81,83
12,36,65,66,81,85,89,90
2,37,38,55,62,67,85,100
15,61,66,70,77,86,92,98
12,15,25,35,47,67,84,91
8,9,24,47,54,55,67,76
2,30,39,58,60,61,95,98
16,29,75,82,85,90,97,98
7,16,62,65,76,83,86,99
1,47,55,62,71,98,99,100
10,16,30,55,64,66,77,93
7,28,35,40,57,67,81,96
15,21,38,47,48,59,70,83
32,44,64,66,86,90,94,98
14,15,37,52,69,75,83,85
9,35,42,44,54,67,77,98
20,34,35,42,53,60,70,94
24,37,47,54,55,65,87,93
21,24,32,39,50,64,70,98
2,9,17,25,27,30,32,95
5,37,47,50,61,62,65,67
8,12,42,47,60,92,95,98
1,14,29,49,60,69,81,90
12,28,43,47,61,64,66,68
21,24,25,29,30,82,83,92
15,17,21,24,25,33,38,89
1,3,9,20,38,47,69,99
7,28,29,35,42,59,64,90
1,6,34,38,42,52,71,85
6,32,52,55,60,66,79,83
3,20,28,54,55,59,66,69
3,9,32,61,66,77,96,98
2,8,24,32,45,81,82,87
9,23,55,65,76,77,83,87
25,35,51,56,60,63,69,89
8,12,16,28,42,95,98,100
5,7,19,44,77,82,83,87
38,47,61,77,81,82,91,95
7,15,17,20,43,47,75,76
10,16,34,35,37,62,71,81
7,16,23,53,56,76,95,98
5,39,55,70,71,82,94,98
21,32,36,43,64,70,82,83
4,38,42,64,67,70,75,82
7,8,12,39,71,76,90,98
34,35,58,60,62,68,69,87
6,12,19,28,32,60,61,89
2,12,20,38,50,55,75,95
1,14,17,25,32,38,44,90
22,29,40,42,60,71,83,99
7,21,23,60,64,77,81,96
20,28,47,52,61,85,88,94
4,9,17,52,55,69,83,95
15,37,47,61,76,81,91,94
3,30,34,35,42,79,94,99
14,27,30,44,47,56,74,83
8,14,16,24,29,60,63,90
10,12,16,23,34,38,55,64
21,23,35,43,48,69,71,83
2,7,10,28,39,42,66,70
3,21,24,38,43,55,67,99
7,44,50,54,71,82,83,87
9,11,38,69,77,87,95,98
21,38,58,64,69,77,79,83
20,21,33,34,35,52,86,95
7,11,15,67,74,77,84,90
5,23,47,55,59,82,86,90
7,32,42,54,60,62,68,99
3,7,28,47,67,68,73,74
22,47,55,58,60,64,69,73
21,23,69,73,74,89,92,99
12,20,42,48,54,60,90,96
