"V1","V2","V3","V4","V5","V6","V7","V8","V9","V10","V11","V12","V13","V14","V15","V16"
41,45,43,52,56,70,63,66,32,17,85,77,35,74,94,8
6,61,58,83,28,54,73,71,84,11,99,22,48,21,60,29
94,9,57,66,75,72,16,22,13,35,28,97,64,47,84,34
99,20,65,83,49,52,4,74,58,47,9,19,57,45,36,27
41,89,87,61,52,1,85,82,78,8,33,45,36,72,48,84
72,8,79,29,42,37,25,38,40,60,50,69,9,35,32,84
88,12,61,91,3,87,45,90,54,23,66,2,56,21,49,46
77,14,18,83,68,84,80,59,37,48,13,45,41,39,55,26
56,71,82,91,27,31,23,51,39,89,90,4,6,66,14,70
14,75,16,84,64,53,66,48,41,73,71,69,28,68,15,45
63,95,54,46,99,96,35,70,71,37,100,79,44,30,77,91
5,50,53,54,60,61,40,33,9,36,16,47,55,73,76,8
25,21,31,97,4,94,57,35,90,89,83,46,29,39,96,75
67,41,3,96,87,13,21,36,56,82,92,9,46,66,35,17
7,90,94,14,36,65,27,12,15,32,38,53,56,86,63,59
15,59,13,74,32,81,25,92,42,69,89,44,78,52,71,49
100,17,71,38,18,37,19,83,76,82,47,31,62,91,45,74
56,15,86,32,57,13,88,24,10,92,43,17,40,58,14,79
3,17,88,15,32,57,59,27,64,13,28,71,46,37,39,60
48,79,50,75,54,80,42,20,77,72,73,74,23,19,64,56
41,52,12,2,79,25,90,69,74,89,50,78,39,17,34,6
99,56,71,81,9,61,27,79,12,63,11,10,41,26,62,30
89,84,45,90,91,57,66,96,92,70,49,15,88,28,64,10
35,91,13,64,5,22,80,3,53,30,87,48,27,51,71,98
1,73,39,80,33,79,58,99,46,89,29,62,27,49,74,35
46,79,72,2,56,92,61,43,1,89,71,81,86,6,97,88
94,93,37,61,24,10,22,25,86,71,84,83,72,3,64,62
46,76,88,30,38,11,89,97,52,95,64,32,45,93,10,4
95,87,56,17,47,32,50,74,96,19,54,38,39,27,62,75
99,69,90,96,53,73,76,93,48,44,60,57,6,1,97,2
7,58,65,12,35,88,52,41,77,33,20,100,5,74,73,32
1,74,73,33,95,25,66,27,52,47,98,54,4,83,67,24
67,12,83,63,7,64,24,39,17,93,40,3,70,8,84,21
90,57,32,18,38,59,8,2,44,80,40,92,60,14,13,21
6,33,64,34,61,13,22,7,68,81,46,19,77,53,40,36
50,100,95,88,61,68,23,97,65,89,48,35,28,15,85,90
93,61,88,56,14,95,71,9,66,51,44,32,57,5,100,35
36,39,95,42,15,9,14,83,58,72,65,11,73,84,52,41
18,44,35,62,50,100,15,64,71,30,22,51,74,52,89,85
87,42,38,47,59,64,30,89,72,91,14,48,44,50,23,71
74,3,23,25,19,52,57,44,38,35,82,34,60,7,50,33
27,10,76,40,16,29,50,70,68,100,38,58,62,20,17,53
37,12,69,92,82,66,100,52,55,5,34,20,96,71,53,61
9,72,89,33,5,50,16,80,4,57,96,95,97,93,35,86
46,89,47,56,39,10,73,31,53,20,88,75,26,19,30,43
30,68,93,9,88,52,54,1,10,100,2,22,80,40,29,98
47,45,52,33,61,63,89,56,21,3,5,74,84,79,90,17
66,37,17,11,61,32,27,90,97,4,86,64,96,2,84,7
84,44,66,72,42,8,21,29,95,56,60,48,7,57,36,13
38,67,100,57,12,43,11,54,50,87,55,83,29,27,16,3
88,74,73,57,41,96,49,80,22,65,15,90,40,64,3,16
28,62,15,86,53,79,26,17,81,22,68,7,65,90,87,42
49,99,76,29,85,70,68,31,58,42,22,21,100,39,83,59
23,46,88,61,25,43,55,95,70,84,87,10,39,21,38,8
64,46,75,53,48,20,24,57,94,58,37,47,10,39,88,3
42,58,30,72,59,11,80,7,24,48,100,65,19,96,50,95
66,14,10,76,65,24,95,79,73,81,63,44,72,5,93,71
32,75,79,70,33,49,91,56,8,12,65,43,30,57,11,83
89,57,53,73,94,25,59,49,58,4,3,60,33,52,31,13
37,62,54,71,18,64,16,80,36,26,69,59,67,48,15,85
79,41,98,88,42,77,96,9,28,68,29,15,52,24,21,85
36,68,37,90,94,63,61,33,69,82,83,81,14,62,34,100
99,18,17,90,47,78,74,21,27,92,79,64,10,56,15,91
10,18,89,58,35,29,72,99,5,31,84,25,48,12,26,100
14,82,76,46,40,11,49,1,18,28,54,93,6,35,87,86
24,50,46,67,86,91,8,71,1,65,75,55,16,57,32,21
40,98,66,92,64,57,61,1,9,24,17,22,86,80,23,41
45,50,52,6,25,73,82,79,70,4,21,53,76,24,71,42
20,83,76,33,49,38,85,22,82,29,97,81,31,4,44,39
52,2,74,29,84,13,14,41,38,98,36,86,27,91,71,46
21,20,38,32,93,19,43,94,26,8,33,87,5,41,68,81
25,66,23,37,76,31,35,67,54,78,6,80,63,81,68,75
1,41,6,16,17,36,90,9,4,91,21,59,22,7,13,2
7,82,76,69,48,58,81,50,91,92,52,95,30,21,32,9
11,55,66,77,85,5,54,76,100,42,9,26,93,36,58,79
28,91,99,48,96,9,93,70,33,27,12,11,25,57,23,34
47,62,43,71,100,97,6,10,15,73,39,79,34,80,57,14
62,90,6,15,59,22,45,35,32,72,2,24,57,4,23,77
3,64,89,92,47,44,58,53,80,59,68,62,13,65,50,54
70,38,77,64,48,67,20,23,95,15,86,44,50,63,45,36
72,60,62,12,11,7,76,43,75,54,98,10,91,48,90,28
89,44,55,16,77,70,4,6,84,93,12,7,46,64,1,90
26,35,10,50,37,73,63,1,34,24,61,32,75,44,85,18
37,35,89,67,83,14,31,76,98,57,97,26,52,18,54,86
82,81,7,91,47,45,46,67,16,77,100,14,9,31,8,26
33,66,54,71,29,41,82,38,4,59,77,63,43,68,27,60
67,7,21,28,35,66,9,38,87,78,26,75,56,49,23,69
50,96,63,98,51,65,44,16,54,41,47,38,69,74,81,22
7,74,69,22,18,87,20,15,95,48,80,14,19,4,42,5
89,99,94,58,51,55,25,13,70,96,7,88,40,61,69,82
1,68,94,73,87,99,100,34,50,69,53,67,78,14,21,28
35,44,72,100,14,41,43,46,76,23,84,34,69,77,93,16
38,35,51,36,73,56,18,28,72,99,95,54,83,16,44,26
31,42,1,78,56,17,19,96,98,95,60,70,55,54,27,21
22,23,50,9,35,1,21,46,48,4,14,45,11,67,91,85
91,83,89,69,52,97,42,17,45,72,99,65,46,87,62,22
7,94,1,11,97,31,2,4,100,60,25,3,86,20,6,12
19,69,66,16,53,14,98,90,15,61,85,44,17,6,75,33
87,90,92,59,38,24,27,49,73,63,53,55,65,74,76,39
17,97,77,48,36,75,73,59,5,46,91,62,37,47,66,49
24,39,91,62,86,49,59,32,29,93,48,46,58,60,21,38
73,6,21,31,15,39,56,92,70,36,34,4,61,3,24,26
21,99,73,35,77,71,20,39,26,63,31,68,64,62,41,14
89,25,22,66,84,29,77,74,37,27,50,21,8,86,15,69
34,45,72,28,87,86,68,97,7,81,8,16,100,17,98,13
63,42,10,58,86,67,15,31,70,73,87,35,93,43,77,80
28,68,99,41,51,43,21,44,75,93,38,74,54,62,49,91
12,49,96,94,37,16,18,63,54,14,65,34,4,23,72,2
32,60,56,92,28,64,59,19,15,63,75,50,77,21,30,78
73,29,20,24,47,12,22,39,44,50,77,97,16,80,5,19
92,87,11,99,44,52,82,26,15,95,41,79,84,36,18,23
33,74,53,8,54,79,38,49,91,51,10,27,26,16,69,72
93,13,39,96,32,24,20,42,4,46,12,34,64,76,44,86
32,12,85,78,31,16,22,84,23,48,38,1,7,61,67,91
2,89,19,59,43,60,23,48,56,40,9,84,10,64,32,24
61,35,76,18,46,79,36,40,24,29,91,89,82,5,23,44
54,31,79,20,9,68,28,93,44,95,85,11,89,82,38,30
47,52,71,94,21,66,1,42,14,56,24,20,13,87,91,83
23,40,14,35,54,51,82,99,83,90,67,59,92,60,2,47
18,16,19,53,35,89,34,81,92,80,28,64,37,42,78,87
39,15,96,79,53,17,14,69,12,50,70,54,97,7,9,46
3,97,74,62,96,29,27,35,41,23,47,78,19,34,61,63
20,57,69,5,40,46,50,56,98,71,82,23,95,22,1,72
43,48,30,70,83,92,8,82,24,14,28,100,84,47,40,85
43,27,49,41,32,61,23,21,47,93,65,40,34,80,35,48
60,91,84,99,43,32,59,11,36,19,24,25,16,46,100,87
49,76,100,97,79,75,18,5,86,37,95,80,71,27,7,88
39,25,11,74,31,84,91,64,62,53,66,37,85,42,73,46
93,39,77,81,28,79,61,16,4,12,57,55,2,53,75,11
20,17,18,2,79,26,46,81,95,67,33,97,10,54,78,52
43,87,67,26,63,62,3,49,45,11,97,16,21,15,85,55
52,64,65,69,4,40,59,86,32,88,47,30,92,100,43,25
26,8,51,90,77,84,86,12,31,29,83,6,99,70,11,34
76,91,29,13,2,75,32,16,7,52,61,36,9,85,35,71
73,10,100,75,47,14,74,28,83,41,19,86,76,44,96,37
7,9,61,32,22,20,57,23,98,36,29,33,66,91,19,46
79,5,73,39,30,21,92,46,99,33,81,52,36,87,50,14
81,23,43,17,60,14,61,88,44,80,29,54,97,89,19,48
100,20,34,59,21,72,26,98,67,91,8,32,79,14,31,63
65,33,97,40,43,68,59,45,7,66,95,25,5,10,24,11
37,40,75,77,16,71,86,74,63,13,97,82,98,59,67,3
26,44,67,24,62,20,15,23,50,6,92,22,76,89,16,48
98,45,52,9,68,70,30,76,69,77,84,42,96,54,56,35
25,60,16,69,4,100,82,28,43,3,76,66,50,29,8,7
50,32,7,57,13,44,6,72,79,70,49,75,94,16,45,100
54,99,39,15,26,36,10,24,22,19,69,100,83,73,90,71
28,9,95,69,38,53,17,90,96,88,58,98,75,35,65,24
87,92,79,67,97,14,18,60,34,59,52,71,84,86,55,70
79,13,78,17,53,6,63,99,50,98,23,16,85,24,19,84
78,12,45,76,37,16,59,92,63,53,36,15,61,96,11,81
56,86,11,39,40,27,34,32,24,45,51,3,25,62,84,87
60,1,52,15,19,21,40,12,86,26,58,51,76,43,69,81
97,49,87,3,63,2,61,46,13,39,52,6,70,10,45,42
83,35,14,95,24,64,9,71,68,73,90,60,98,87,39,3
15,58,48,71,29,36,43,38,31,3,18,89,37,21,8,60
96,98,74,78,17,88,20,85,39,81,23,19,29,89,65,6
19,65,95,14,98,9,88,36,15,75,89,16,11,80,57,18
98,13,58,46,51,48,42,52,81,97,55,73,39,82,100,86
90,43,65,30,6,84,89,24,3,13,82,46,100,91,19,1
3,33,98,90,86,16,95,14,97,66,8,65,28,64,80,17
29,59,27,8,95,77,25,60,90,79,3,94,45,51,19,38
94,79,100,43,65,24,30,7,5,23,98,69,89,53,63,12
99,71,49,33,62,45,42,56,82,11,40,63,7,43,20,30
86,64,41,98,75,83,49,43,4,30,15,36,21,73,71,89
68,14,44,77,74,75,59,6,25,15,39,94,54,11,72,46
66,42,21,60,29,15,62,52,24,22,37,61,1,96,82,12
46,12,71,86,42,65,84,32,20,15,5,66,60,94,85,51
91,92,71,44,59,1,25,95,96,46,64,56,37,38,29,13
47,18,94,89,93,70,58,42,23,24,40,64,9,55,50,28
84,27,74,57,90,10,77,88,91,45,5,64,68,76,59,7
93,98,59,11,58,99,84,56,89,40,87,36,37,2,55,45
12,92,5,35,52,2,21,31,32,29,79,96,73,58,37,15
78,4,96,26,55,100,76,99,20,60,2,21,93,90,33,71
10,24,18,56,51,81,38,75,69,86,85,16,21,65,100,20
5,78,17,88,67,81,23,54,4,73,29,20,26,11,61,16
20,40,65,31,81,47,76,69,48,85,46,56,75,50,60,10
18,30,80,89,39,27,71,74,51,87,75,67,1,72,8,4
3,8,79,40,57,4,75,21,93,28,100,55,30,92,39,90
34,38,27,96,16,70,77,8,92,30,19,49,4,47,40,76
15,23,39,71,19,95,47,52,31,34,38,35,3,98,16,56
84,86,33,94,82,61,39,27,18,57,72,87,88,28,63,7
9,85,4,60,71,72,13,56,12,26,27,95,89,30,69,2
16,56,41,55,45,13,89,31,69,98,86,75,66,58,44,23
42,45,73,59,18,39,83,91,4,86,10,63,27,52,9,79
93,24,92,30,86,40,89,90,88,17,80,77,84,91,3,43
88,90,69,99,41,39,30,85,37,96,8,14,21,23,32,68
54,44,39,12,33,90,1,14,58,61,30,64,96,29,4,7
96,80,5,85,84,77,33,8,100,39,55,91,72,9,29,66
27,94,83,60,10,92,20,42,99,54,78,74,98,46,65,44
56,32,99,86,96,16,94,49,5,83,44,3,39,58,30,13
49,89,80,50,76,7,46,54,100,38,26,90,53,23,71,19
69,21,97,56,82,5,26,86,54,33,65,91,8,20,6,58
5,53,83,73,69,27,26,48,43,49,99,97,23,19,58,10
69,52,81,21,100,32,33,90,57,63,26,46,97,23,96,62
25,88,32,4,26,74,6,54,84,37,68,87,97,58,27,53
58,83,50,88,9,7,17,55,11,23,100,73,97,33,49,86
40,31,4,54,5,38,71,87,13,35,43,28,79,26,11,39
50,48,35,94,21,24,82,33,81,9,16,90,23,79,57,80
59,35,12,28,90,76,69,81,92,87,22,29,41,4,60,100
70,67,96,69,85,63,82,33,61,51,54,71,29,38,52,49
98,2,55,69,9,31,49,41,20,17,87,32,80,50,71,48
31,43,87,88,29,19,33,34,59,90,61,49,26,12,54,72
17,85,65,55,40,15,21,89,12,2,51,68,81,86,96,1
32,88,77,49,100,28,68,97,22,56,66,96,8,50,2,13
45,56,73,77,89,80,71,91,78,51,29,44,20,75,53,58
70,10,93,95,56,42,46,20,39,64,89,4,37,12,59,98
6,60,85,45,84,74,73,21,24,53,87,77,12,94,79,96
74,45,98,8,4,70,88,6,29,77,1,85,55,67,21,82
93,40,61,57,89,10,95,88,62,39,56,74,36,9,19,99
19,82,90,9,2,16,64,22,94,85,4,30,54,92,25,3
1,41,32,24,19,89,99,92,16,100,37,15,80,73,87,76
87,59,33,12,18,23,17,64,99,86,84,92,22,89,76,15
9,96,35,13,4,79,20,16,14,36,33,94,85,73,60,88
97,5,1,30,94,76,87,82,35,32,2,19,52,89,39,92
15,58,89,42,77,75,39,73,20,17,22,66,87,99,24,76
26,63,72,90,44,37,36,39,27,29,59,12,61,66,45,8
6,100,76,38,69,67,33,18,15,16,70,88,26,64,13,29
21,77,42,2,97,49,36,78,52,35,54,8,71,100,43,82
8,17,21,58,60,62,88,69,74,41,20,48,98,4,36,3
54,73,50,91,43,97,71,30,78,58,95,52,98,92,84,69
70,46,89,83,8,6,67,100,63,10,7,14,99,3,37,85
50,55,54,4,67,80,65,2,82,14,15,78,21,63,96,35
13,43,61,23,74,16,63,10,18,32,26,49,91,62,93,50
13,27,93,91,39,10,82,4,57,79,73,21,12,100,28,74
78,14,55,88,43,82,41,21,18,63,47,66,9,37,79,93
81,12,66,64,23,15,67,3,14,48,98,95,100,26,86,43
70,8,67,75,37,22,90,50,41,88,9,33,52,93,85,29
91,7,23,58,90,41,68,27,71,48,81,64,96,73,39,67
26,59,94,74,35,53,58,31,68,73,79,32,60,92,14,93
17,64,24,93,63,44,45,83,67,26,51,61,72,68,33,7
70,99,35,9,91,25,59,50,85,97,19,39,69,6,8,7
12,46,14,28,71,19,3,31,56,87,27,65,68,36,6,55
88,3,50,100,73,75,63,1,14,44,19,8,95,45,87,34
20,80,64,55,54,68,67,51,45,84,52,42,6,66,86,43
62,28,16,64,74,92,72,34,73,27,9,3,65,39,70,35
44,98,89,48,96,35,49,27,74,65,97,47,70,95,57,85
16,95,14,22,97,15,89,99,48,77,75,5,1,38,84,70
25,63,87,16,13,30,95,57,43,96,61,94,53,79,89,1
88,99,61,53,68,25,63,33,6,69,91,28,77,26,49,16
53,21,44,38,9,74,43,67,50,39,71,33,19,17,89,79
94,12,18,50,91,40,59,34,61,78,27,35,93,36,38,75
79,48,55,43,18,39,99,9,22,14,84,91,64,2,6,47
23,24,17,60,47,89,100,59,69,12,65,87,75,61,55,91
28,95,17,11,24,48,3,7,33,9,29,92,78,83,70,14
10,50,5,20,56,59,100,85,29,27,33,55,22,58,49,82
46,84,66,26,97,21,61,77,10,98,47,90,80,69,31,42
30,74,95,71,40,55,80,73,77,37,10,38,66,14,32,41
57,44,41,42,52,99,30,26,62,83,84,94,21,96,33,51
37,14,12,70,68,36,6,96,61,27,58,7,2,47,86,42
31,32,91,27,56,96,26,16,100,38,25,6,65,14,11,45
87,29,50,46,69,44,72,41,5,88,22,75,59,83,64,61
70,39,8,87,75,53,21,93,58,78,83,31,76,34,9,43
7,31,42,10,93,41,67,57,83,2,78,75,53,97,18,19
30,37,57,5,78,69,25,66,36,1,63,44,7,58,11,76
21,66,13,69,43,29,40,73,92,35,68,75,25,89,27,60
48,75,14,30,67,56,68,4,53,89,2,25,17,15,29,82
12,16,96,71,61,82,56,74,34,46,60,48,80,94,37,85
86,9,92,87,17,88,76,29,12,94,34,69,64,84,74,15
87,90,21,4,78,93,25,81,45,40,88,35,20,15,69,97
68,93,41,9,76,56,89,37,57,49,83,81,59,77,88,19
21,34,86,50,84,62,37,55,51,97,28,70,49,99,52,83
58,35,77,15,3,51,36,61,18,66,32,41,70,40,75,73
82,35,65,68,87,85,73,57,36,44,38,5,2,37,84,86
54,16,62,64,81,19,31,39,32,18,78,30,57,80,79,70
95,11,30,19,36,5,89,85,27,78,86,25,4,51,57,87
60,21,36,81,59,49,16,17,10,27,52,30,53,38,43,99
17,20,38,5,31,4,49,69,100,14,91,51,43,45,97,79
45,33,9,93,39,100,88,71,50,46,16,83,48,5,79,12
87,91,29,80,15,9,49,89,19,73,55,28,96,23,83,81
70,5,81,73,40,66,50,12,49,28,65,32,59,27,39,83
23,15,32,46,86,13,79,90,14,88,28,54,44,4,33,42
74,37,25,21,70,76,18,72,29,39,83,94,38,68,22,2
82,55,37,93,58,53,100,2,94,34,51,31,88,67,76,24
62,94,99,60,43,1,14,36,85,66,69,61,76,47,64,75
23,46,9,2,90,24,33,22,62,58,97,12,80,83,40,82
46,14,13,73,100,77,26,93,55,51,59,28,58,19,43,4
33,27,92,8,7,98,87,23,62,10,51,46,4,12,55,37
26,95,83,66,87,8,33,35,62,97,50,53,71,67,82,72
75,36,80,70,25,14,26,16,71,73,41,4,99,7,39,53
22,92,77,19,90,75,34,68,4,80,14,85,98,94,70,50
15,44,19,69,55,80,18,32,1,29,92,95,26,61,71,14
68,84,26,41,40,32,3,19,14,78,100,23,25,61,52,90
20,56,22,87,14,9,39,7,79,31,25,74,92,52,78,99
95,25,20,23,72,22,75,11,100,94,42,50,41,52,68,45
64,50,79,18,72,52,19,26,76,74,63,65,75,23,47,71
84,32,79,25,16,34,30,77,91,42,68,38,80,48,62,85
2,37,43,27,80,56,84,82,65,40,26,17,99,64,36,50
35,17,98,99,93,48,61,71,95,1,76,20,97,62,57,45
61,53,19,40,6,44,11,93,91,28,2,12,31,68,81,15
61,70,23,7,85,93,62,82,98,57,69,6,86,76,75,64
13,44,84,66,51,53,99,62,91,83,54,96,82,78,31,19
11,52,50,45,4,92,49,39,18,5,68,81,40,42,72,62
85,14,35,37,65,83,40,3,15,41,25,81,30,34,67,60
96,48,25,9,94,1,46,63,90,69,18,87,71,79,5,38
93,48,77,30,80,4,33,52,17,67,15,38,60,42,7,22
94,40,83,7,6,99,58,4,92,16,47,84,12,52,64,68
14,90,32,26,69,23,58,57,47,60,36,76,79,92,77,40
6,40,51,58,92,71,39,32,35,33,27,45,79,86,43,55
80,47,63,81,76,79,37,91,44,93,95,17,10,72,33,50
4,55,7,50,43,60,32,78,93,45,88,42,15,14,69,35
45,30,34,96,76,86,62,59,39,40,49,71,100,8,88,43
5,72,48,84,39,87,85,83,62,16,34,67,14,36,75,58
59,55,76,95,80,89,8,4,99,36,83,62,82,65,20,53
5,95,57,74,17,41,98,31,78,14,75,12,45,4,46,18
36,46,73,12,23,57,34,54,2,15,88,38,64,52,37,18
95,93,30,82,22,50,34,63,11,26,58,61,74,38,5,85
89,80,59,74,3,99,42,84,82,87,24,32,65,70,97,16
53,58,84,36,74,9,100,85,41,6,69,77,39,30,86,34
8,63,25,79,83,19,81,95,96,10,29,9,1,43,52,22
31,89,90,58,16,78,12,35,44,42,4,61,83,63,11,80
23,8,26,24,36,37,99,92,98,38,17,6,19,52,32,35
53,37,47,88,44,39,65,22,14,28,68,75,13,71,52,66
2,76,51,32,8,28,84,96,27,55,15,36,34,40,88,72
34,60,43,57,4,28,51,78,6,53,62,92,33,69,84,64
93,52,66,5,40,19,55,72,46,22,57,39,8,100,96,30
83,82,23,96,55,2,89,25,57,10,93,98,52,97,16,92
74,73,43,57,26,7,41,90,21,30,76,96,32,95,58,31
100,95,92,30,52,19,25,35,37,94,12,50,2,87,73,18
69,100,86,41,72,93,39,29,63,6,99,11,34,50,76,92
13,64,11,8,35,42,69,77,76,52,60,21,5,17,63,79
20,94,23,99,26,45,80,5,60,9,100,36,89,98,91,93
100,61,24,11,81,75,93,48,92,34,33,59,71,49,84,15
10,75,37,45,3,1,44,6,27,100,79,47,88,25,95,2
96,30,9,32,5,11,67,8,57,95,56,36,80,73,83,64
7,98,85,54,82,10,5,21,14,18,90,40,1,39,30,86
83,97,62,48,60,35,19,79,32,71,63,78,46,16,30,64
34,67,70,8,92,33,40,46,85,73,52,48,68,86,95,83
54,4,86,74,97,93,13,73,11,70,91,5,15,26,87,45
25,20,30,43,3,59,52,58,61,94,82,23,45,18,81,65
89,68,3,99,54,1,83,4,80,74,33,58,32,5,96,60
49,64,56,70,6,78,39,65,26,76,59,99,93,95,92,83
65,18,28,72,54,52,8,23,68,49,59,35,50,12,17,15
3,70,8,36,4,9,51,12,20,42,64,21,25,6,19,99
73,49,16,12,9,10,68,55,71,46,100,95,56,39,33,37
92,38,71,60,14,22,67,83,62,72,89,56,51,90,41,5
23,61,84,94,4,92,13,19,38,90,60,11,87,31,62,74
91,40,1,22,27,63,49,84,50,16,68,6,93,46,9,83
1,24,70,41,8,19,51,10,6,26,62,75,23,92,55,7
26,5,65,12,79,73,85,88,14,36,63,22,87,46,56,23
18,89,4,49,14,32,7,47,9,68,100,69,2,50,35,19
15,8,89,1,41,23,58,54,48,45,50,19,24,6,78,14
61,26,40,76,71,97,95,79,3,16,27,58,72,80,29,46
36,54,75,91,50,86,23,51,43,29,52,56,14,19,25,84
31,63,28,36,51,90,100,42,34,2,20,59,68,29,6,75
10,25,35,98,53,13,39,94,64,38,67,75,86,4,58,7
56,57,72,17,48,21,87,15,85,2,86,89,7,88,46,80
8,37,98,22,54,10,83,72,66,20,31,82,41,55,36,19
20,69,44,85,23,12,94,62,4,26,14,31,72,57,81,30
76,8,2,35,100,46,19,61,22,88,42,23,44,93,49,63
88,16,60,72,10,21,62,86,25,27,77,11,43,18,28,22
77,96,67,57,58,82,18,21,9,97,75,51,23,79,49,63
57,29,10,15,33,49,40,19,45,42,4,97,79,84,96,26
91,43,47,10,71,80,49,63,27,54,37,31,19,82,90,84
61,78,96,85,87,1,35,69,88,24,91,95,93,53,81,100
82,60,18,80,13,34,48,9,11,23,86,15,64,72,47,14
6,47,2,92,44,81,93,94,74,13,19,79,15,18,86,41
82,86,81,53,1,65,4,61,36,12,73,57,34,99,84,77
35,13,3,48,22,59,2,69,62,63,25,49,47,96,65,37
28,25,14,4,59,56,57,7,94,29,45,44,34,13,96,63
94,28,18,69,61,92,25,16,3,40,78,49,100,62,80,47
46,5,54,34,92,27,11,33,29,59,3,4,84,17,28,99
59,52,31,74,64,47,63,99,49,60,35,84,62,66,65,37
79,81,19,70,3,48,18,34,76,87,56,84,59,73,36,58
74,7,1,82,87,33,13,22,73,52,18,4,27,71,67,69
94,25,80,73,90,82,20,66,16,74,60,7,75,19,55,10
88,6,75,98,46,25,48,18,40,93,63,47,100,82,3,78
68,21,38,17,15,42,80,71,31,40,18,45,50,58,39,41
19,73,11,93,5,24,99,96,59,49,44,4,85,74,13,2
47,5,50,24,88,16,91,35,89,72,54,71,30,29,26,46
1,20,54,42,68,100,38,33,14,4,5,78,50,69,96,85
25,41,85,43,90,35,36,89,42,32,8,48,58,31,22,84
5,7,96,78,6,83,31,10,69,9,93,2,4,42,46,12
16,94,1,12,57,68,28,56,33,62,63,83,92,23,93,51
93,97,99,40,56,96,41,23,17,79,30,35,33,3,82,16
47,41,92,19,79,38,5,31,89,4,81,86,66,17,27,18
7,29,21,44,6,20,93,79,42,36,83,24,81,65,74,25
49,68,76,75,57,74,11,59,3,37,92,83,29,17,19,73
94,46,34,3,48,41,50,24,99,65,62,61,51,59,11,63
86,19,55,16,65,28,84,13,7,12,79,43,59,62,67,85
77,42,57,80,29,89,3,90,5,9,84,36,55,94,52,11
7,2,81,82,5,68,83,60,59,73,24,35,40,89,38,55
57,9,16,46,11,2,61,95,76,72,38,59,28,7,24,3
11,18,59,100,26,81,91,56,47,43,9,12,55,85,76,53
70,16,59,40,76,8,73,37,18,71,86,30,92,72,53,42
24,14,42,37,9,59,64,71,39,72,86,20,30,60,54,80
26,47,80,33,51,99,1,93,41,44,28,48,72,23,8,17
44,71,74,63,98,10,39,92,99,52,90,78,50,22,85,77
89,63,76,59,19,8,34,18,57,48,90,78,79,3,27,53
63,25,70,87,39,96,93,69,8,6,20,45,76,48,15,94
81,42,36,3,94,71,2,23,17,26,8,63,89,84,85,88
8,93,64,48,41,4,96,89,3,25,98,78,28,7,83,27
67,38,99,93,11,15,50,77,91,86,34,96,57,31,78,80
59,53,67,31,80,54,8,4,65,75,28,12,100,7,57,72
68,13,48,92,36,87,12,19,11,57,17,85,55,20,9,73
67,58,33,70,24,14,82,43,79,39,65,13,6,47,34,11
90,31,81,75,51,96,77,56,55,32,94,99,28,79,97,57
31,11,20,33,29,40,53,14,69,12,92,59,38,51,1,85
18,63,50,96,66,58,16,61,51,29,75,12,86,48,21,90
53,86,25,14,73,3,93,100,28,43,47,69,87,10,48,7
54,24,75,12,73,55,22,18,20,96,46,98,53,19,6,33
47,20,77,32,53,69,94,64,59,39,98,82,61,79,95,93
6,36,42,24,63,40,27,72,33,73,98,70,62,95,26,39
35,68,99,67,98,4,80,59,38,83,79,96,85,5,9,12
63,5,54,19,7,83,74,4,68,66,1,38,51,87,41,24
24,91,58,33,57,74,54,90,55,43,7,35,14,77,73,84
74,22,70,46,48,58,81,66,85,3,28,95,26,68,56,83
87,33,46,41,75,29,99,4,63,59,19,51,69,94,52,13
16,4,39,69,14,30,7,57,1,94,100,63,70,24,33,54
47,69,38,13,34,18,97,37,51,94,70,50,11,90,1,63
31,63,26,20,22,58,33,14,40,6,16,11,15,94,60,35
90,25,85,8,40,56,39,55,71,5,83,86,63,70,94,51
41,60,56,87,98,38,48,6,53,29,75,25,62,37,77,5
54,4,68,53,43,90,27,65,20,11,18,83,3,100,51,58
45,75,24,2,92,23,54,26,86,72,15,65,64,91,93,58
8,77,54,10,15,62,52,89,80,63,32,56,46,78,99,36
54,42,38,60,27,75,98,59,7,86,47,14,50,10,83,77
21,69,38,87,67,65,62,20,43,53,76,8,71,78,6,17
92,76,19,8,18,26,31,91,58,63,60,96,83,36,65,97
80,3,31,47,25,90,96,8,77,65,28,86,24,91,67,35
35,72,49,91,79,65,59,6,31,10,77,47,30,14,19,51
83,39,55,8,5,27,22,38,90,25,17,87,64,66,86,65
82,15,48,86,63,4,10,56,80,12,72,65,27,69,51,58
82,99,67,62,33,64,10,45,66,21,13,24,42,5,52,72
41,89,3,43,4,61,52,66,56,77,95,29,24,10,80,68
40,79,47,38,87,86,15,52,93,10,90,28,55,68,80,4
61,7,57,34,54,67,65,24,23,52,74,84,6,88,37,39
41,12,53,10,18,21,87,52,80,5,68,62,84,98,93,37
56,2,11,72,9,5,91,14,60,28,73,48,94,68,3,69
44,33,6,74,32,8,35,36,86,96,93,46,92,27,99,57
27,35,53,6,22,34,38,72,94,73,49,12,37,96,84,78
24,20,59,64,67,86,87,11,74,92,48,47,3,89,84,49
4,87,35,1,41,45,100,67,96,12,83,19,62,61,89,7
28,92,33,81,78,29,36,84,6,11,61,49,66,17,14,20
53,61,100,19,43,85,95,42,30,10,89,88,76,92,99,48
87,11,89,48,51,62,91,69,78,49,15,41,93,70,36,40
51,67,99,68,23,79,42,36,50,27,52,58,64,47,82,97
64,37,63,55,97,91,61,6,88,96,17,48,72,58,38,4
4,71,42,70,1,5,87,74,43,45,88,13,54,92,68,76
36,14,84,98,26,7,2,89,76,33,5,30,88,97,83,47
80,4,36,39,34,79,63,56,19,30,1,10,62,51,20,15
39,75,60,77,96,48,62,54,42,73,25,44,99,87,58,100
77,13,79,44,60,67,35,97,32,65,100,16,9,83,78,61
34,90,19,64,36,67,40,94,38,39,9,73,35,27,32,66
96,34,50,99,78,95,66,4,91,16,89,83,41,100,52,69
89,69,10,27,44,83,37,8,100,24,46,31,13,41,29,62
94,46,72,8,22,37,1,56,100,63,47,88,26,28,58,77
73,15,70,95,59,50,90,22,97,65,79,12,62,52,85,23
56,5,73,51,72,46,43,99,65,59,36,8,3,92,85,50
83,3,26,58,71,11,86,17,91,70,81,78,51,34,92,1
52,62,27,78,64,73,36,89,60,46,48,72,82,61,31,50
91,65,45,84,56,93,75,60,48,32,71,30,19,76,44,72
48,74,12,91,19,22,18,33,86,99,79,30,13,100,9,59
61,3,91,30,2,11,10,87,37,90,25,88,33,14,50,95
3,17,81,2,85,94,69,89,84,68,59,7,91,5,71,33
79,54,65,61,10,91,67,45,95,41,18,34,55,71,1,52
9,3,89,65,60,11,84,66,4,72,97,38,90,13,22,48
77,31,4,79,67,24,60,34,64,29,96,84,78,72,73,23
81,1,68,47,59,71,34,80,97,9,21,4,6,35,57,67
100,66,12,77,39,57,41,74,18,97,21,14,89,43,37,23
100,58,96,15,72,84,40,1,75,62,57,18,35,71,70,74
6,64,15,47,31,48,2,87,25,8,52,74,54,51,46,95
79,9,77,80,20,19,8,45,68,24,33,35,43,94,13,60
40,57,68,97,82,11,67,88,91,25,38,63,14,30,46,3
51,77,14,7,25,60,33,4,20,2,91,86,66,12,17,75
15,58,10,18,75,65,41,26,42,36,52,74,55,31,62,97
91,64,18,7,36,90,74,58,46,68,10,57,63,41,88,19
96,21,23,50,8,19,84,93,7,39,95,4,57,92,25,81
68,19,35,41,61,92,17,84,7,66,44,86,3,79,33,80
95,50,70,26,51,68,30,42,84,69,8,64,40,83,75,48
28,17,52,29,79,48,1,78,12,69,8,76,36,21,74,9
92,48,98,36,56,99,94,42,54,66,86,91,50,64,74,49
31,91,21,40,74,95,75,58,29,87,94,32,85,49,81,43
54,93,72,12,62,37,83,17,1,76,98,34,96,26,27,73
90,80,8,12,74,57,55,59,39,44,88,31,94,81,61,7
95,9,96,33,52,98,6,44,64,28,38,62,21,14,22,100
66,69,82,10,84,89,30,98,95,92,19,99,46,58,26,71
55,72,54,32,53,37,70,8,83,14,27,43,40,97,20,64
99,20,54,82,32,3,10,96,41,89,11,21,92,75,80,83
82,18,62,47,51,98,24,4,31,85,89,41,50,87,86,76
13,25,76,52,38,18,6,50,90,43,97,100,21,73,36,32
12,85,33,28,63,61,79,5,71,40,37,53,80,1,32,22
62,53,31,77,81,25,97,69,56,54,30,65,55,16,8,2
22,23,7,33,96,29,21,58,89,44,34,26,88,40,76,4
38,44,42,74,41,47,7,88,3,93,79,13,62,98,70,80
73,38,45,13,19,58,98,43,97,36,69,35,47,66,95,24
94,73,29,75,30,99,28,31,52,93,49,98,21,23,38,24
2,38,84,78,1,9,46,52,92,30,61,99,14,16,19,21
80,76,58,38,42,92,75,57,46,93,96,24,65,48,66,81
98,40,85,57,18,68,1,12,63,16,82,44,71,29,87,58
80,10,92,27,73,37,76,58,99,97,8,57,26,100,30,94
33,39,29,98,96,14,44,57,7,79,59,91,9,84,69,67
7,4,79,57,17,58,84,9,71,10,70,14,89,86,50,32
70,9,12,2,83,72,65,74,52,6,58,100,49,67,76,57
6,7,31,62,57,44,23,84,87,16,54,32,51,24,4,20
90,28,55,58,12,30,38,98,96,51,37,34,27,20,57,93
22,30,95,27,20,60,82,86,21,28,53,83,13,31,41,11
42,24,84,5,35,13,7,74,1,87,10,32,98,86,56,30
40,56,99,44,16,84,37,77,53,88,66,90,19,64,61,68
53,38,99,30,46,82,62,34,4,65,83,75,90,74,28,26
41,68,66,87,84,7,59,1,42,97,61,38,99,76,95,94
6,13,69,61,85,36,81,14,79,91,9,92,43,45,100,42
71,88,4,49,84,62,97,67,79,44,40,22,92,86,16,90
73,29,63,83,78,82,56,71,14,33,30,88,74,31,49,46
62,74,87,29,14,33,66,60,24,84,100,38,37,51,13,35
47,10,38,19,85,41,92,65,17,86,89,39,36,97,98,40
85,15,34,26,13,75,9,40,8,14,68,10,66,20,45,91
73,1,53,62,80,41,61,34,93,8,70,20,36,49,58,40
77,98,4,16,39,35,65,32,100,45,51,11,1,48,56,2
1,100,95,27,21,25,16,23,35,69,56,17,46,63,38,86
30,20,65,72,4,50,19,2,22,53,89,28,27,44,17,68
8,3,85,31,45,91,26,36,28,9,15,95,21,42,49,80
13,42,95,70,47,16,86,34,43,48,44,93,62,20,100,56
97,28,66,30,9,100,81,15,53,89,34,98,88,23,68,20
95,53,61,21,86,2,16,4,41,5,44,23,26,71,20,11
9,54,94,16,6,81,47,11,43,21,56,34,98,82,59,39
84,88,87,5,6,90,82,85,72,49,10,94,92,55,11,39
74,32,79,70,46,13,55,6,39,14,66,94,75,65,81,45
67,88,69,78,82,96,4,45,90,42,48,74,64,18,58,29
96,53,10,6,12,49,62,67,36,100,8,65,69,99,71,34
76,88,48,61,15,22,92,17,21,68,86,73,98,87,95,74
55,74,91,71,11,96,15,19,5,9,69,45,18,48,17,61
48,1,43,79,47,80,58,7,49,51,3,25,91,26,23,57
7,88,18,30,52,33,48,17,63,99,71,66,93,75,84,9
57,24,48,71,10,72,27,93,32,64,20,74,68,83,61,23
3,94,20,31,53,82,33,98,100,1,2,57,47,58,56,65
48,35,3,73,95,28,84,4,29,85,82,83,2,7,80,68
61,60,53,43,36,13,58,55,6,32,22,49,73,56,92,65
78,48,84,71,66,64,49,55,58,87,33,51,57,23,5,7
61,55,82,88,77,78,28,20,32,38,87,83,1,26,30,72
85,84,46,98,8,91,49,73,76,11,2,6,37,57,31,38
24,74,23,48,39,99,63,27,28,17,84,52,5,59,82,58
13,86,76,20,53,54,89,90,40,87,47,16,95,38,12,66
100,11,65,35,17,96,86,45,61,22,23,93,29,3,72,28
18,44,39,43,94,10,46,41,40,65,92,62,47,3,21,52
78,67,79,71,83,46,69,38,18,55,65,96,51,85,95,49
61,2,10,42,47,71,79,72,48,22,46,44,69,28,12,27
45,20,5,92,73,68,9,42,90,91,82,23,32,50,57,14
1,25,76,2,41,95,71,42,96,50,11,86,22,43,63,32
67,59,9,70,63,20,43,15,83,45,29,7,4,89,72,100
12,44,82,20,31,84,28,1,62,89,99,23,73,87,67,76
29,11,40,68,35,71,21,86,4,77,9,42,19,98,56,70
46,35,56,74,67,18,13,16,12,70,72,100,79,36,15,10
48,35,5,58,72,83,37,69,65,54,43,50,100,62,25,91
93,64,89,60,12,77,23,88,92,71,6,3,68,2,28,86
62,6,60,11,38,66,67,51,73,47,42,96,55,35,13,99
47,97,81,63,85,24,94,84,28,2,14,30,75,48,90,15
56,77,28,16,37,90,85,52,6,14,18,72,15,92,8,55
52,46,54,64,30,60,8,58,17,79,98,66,9,97,36,47
26,71,65,61,63,23,52,12,28,72,60,48,21,7,42,33
80,4,63,73,78,23,61,51,13,93,85,60,14,5,18,28
32,33,85,1,65,7,54,41,88,56,71,78,76,37,48,73
23,94,90,34,61,24,75,55,57,64,91,32,73,36,17,6
14,32,49,55,67,62,22,85,71,12,69,25,83,99,88,30
51,75,99,77,22,91,14,54,100,83,4,61,19,26,95,63
69,20,65,61,32,97,6,60,42,91,24,58,66,62,51,30
2,25,47,79,8,49,11,73,54,38,85,67,87,19,76,24
50,48,73,55,53,69,21,65,34,85,47,25,8,38,22,16
77,26,86,83,64,65,34,13,95,12,78,38,36,41,84,93
9,95,72,20,14,89,87,46,6,62,50,82,70,85,23,68
29,57,69,87,28,21,76,14,91,83,9,18,78,70,27,42
81,11,46,73,99,89,55,12,59,32,75,1,37,28,95,79
57,81,52,6,32,8,21,63,64,95,70,1,40,55,93,47
12,49,37,38,29,56,99,18,85,75,20,13,2,45,93,22
75,30,91,62,61,81,73,99,74,43,10,13,14,15,52,90
12,6,26,36,11,27,14,56,10,93,64,2,32,67,35,23
34,66,28,74,26,4,100,48,10,93,43,14,15,94,62,22
8,12,17,41,25,65,2,35,79,56,86,48,49,76,36,51
43,40,16,35,75,72,97,63,76,71,29,28,10,56,25,54
85,40,45,19,72,12,31,54,82,5,7,47,63,52,49,71
24,8,21,99,57,11,15,6,80,73,84,22,35,59,34,42
4,95,62,28,83,29,34,33,44,21,48,47,37,58,19,86
20,82,27,32,19,95,46,42,75,70,39,14,94,63,59,13
57,38,42,34,12,65,87,49,3,45,10,17,70,74,7,20
2,28,22,26,94,43,33,10,42,59,92,25,58,4,13,49
49,85,17,44,16,61,19,97,12,2,34,91,14,75,70,60
98,74,90,24,13,73,61,79,56,97,52,16,89,80,10,37
16,33,37,74,24,98,65,14,84,41,12,56,35,32,4,28
30,91,67,19,4,54,71,10,94,12,20,89,92,87,18,23
88,93,61,35,90,21,12,42,53,13,29,97,67,39,6,78
17,23,78,20,6,56,86,85,53,96,19,8,49,32,67,58
99,74,79,54,90,23,43,25,12,41,81,3,20,62,21,29
91,60,50,85,14,53,22,20,33,52,87,48,29,30,65,38
79,76,26,42,45,69,84,68,93,55,97,32,34,3,87,9
33,97,31,60,54,40,12,5,96,93,21,25,32,95,57,4
13,64,26,25,51,33,2,54,97,16,36,63,73,58,80,82
35,64,23,39,84,63,29,21,7,41,25,57,46,11,82,61
73,34,3,23,32,96,1,30,2,78,13,82,65,22,74,38
84,16,54,66,39,82,77,58,48,78,42,91,36,47,99,98
12,40,32,67,63,79,74,85,81,92,95,24,72,78,27,6
8,26,54,24,12,51,82,56,17,35,79,47,31,15,43,18
4,12,54,65,80,57,91,66,35,3,22,94,33,38,34,81
38,82,100,81,4,20,56,14,72,3,80,91,88,75,50,12
86,9,75,2,6,74,95,96,70,45,17,58,51,5,94,18
45,88,76,60,14,19,12,94,13,55,33,72,83,89,30,61
51,58,15,71,77,57,63,34,79,2,22,26,49,31,33,43
83,23,94,20,67,76,8,12,99,96,33,48,66,98,21,60
92,65,68,61,41,63,10,7,54,87,32,49,35,93,64,73
89,64,72,95,4,85,41,67,3,93,83,50,34,73,12,56
3,66,58,23,6,78,80,53,24,25,19,38,10,11,99,75
12,71,3,76,43,17,98,10,4,8,29,58,11,78,54,96
51,94,41,7,66,31,29,47,55,84,2,25,37,62,40,6
19,22,89,47,90,2,67,76,56,61,88,72,38,43,1,17
38,68,77,21,76,55,45,24,65,30,82,81,71,40,39,11
7,27,68,88,58,84,4,90,81,63,50,59,8,28,3,25
28,30,90,98,95,46,44,50,2,93,55,70,25,17,79,41
10,83,45,68,87,30,4,8,86,7,9,76,22,14,29,55
19,27,10,14,24,15,41,54,56,85,42,35,8,63,69,46
17,91,59,38,46,43,33,63,76,20,28,98,56,12,47,9
78,57,7,30,74,56,96,59,6,92,27,46,10,36,21,20
16,67,33,34,46,93,57,75,3,50,22,10,13,30,2,70
54,6,20,5,1,55,49,86,46,9,74,15,100,35,38,45
13,87,70,57,100,69,77,11,75,28,6,21,8,34,73,4
55,26,89,40,20,84,65,24,8,87,18,19,91,25,7,28
99,39,69,55,84,34,65,82,100,26,17,94,81,86,16,41
54,37,98,17,60,74,2,72,27,38,90,3,70,19,42,32
81,95,38,52,48,43,54,64,85,35,82,79,49,4,9,76
78,3,46,82,20,55,31,85,33,95,94,61,66,29,17,71
69,14,51,96,57,100,97,25,60,30,59,80,53,79,16,4
76,97,66,35,9,92,37,50,21,30,36,100,15,14,23,88
70,57,87,62,77,23,69,80,19,27,11,81,66,3,83,76
29,34,2,31,10,96,82,7,47,62,20,72,45,51,66,22
33,32,74,75,68,65,12,67,57,58,47,43,16,6,18,69
78,17,91,97,58,30,65,26,6,14,47,72,4,88,81,79
37,91,53,51,64,39,100,12,99,96,3,62,66,5,45,54
24,78,65,96,31,25,94,82,7,86,42,59,35,44,47,53
71,67,88,51,69,46,10,99,86,4,98,25,45,48,43,3
27,94,6,1,26,48,13,66,29,85,39,3,22,16,58,14
70,53,76,24,45,29,40,9,51,46,100,64,79,66,34,33
96,88,39,65,97,91,89,66,81,98,22,45,48,9,1,11
6,75,62,13,36,60,45,90,34,15,52,11,24,57,14,22
56,62,26,70,88,48,11,39,16,50,53,92,12,59,100,19
17,51,27,15,79,98,65,3,39,74,43,52,61,21,24,91
47,93,68,5,26,1,17,39,43,33,38,96,88,22,61,41
9,60,24,70,11,81,100,87,88,84,46,5,30,13,75,83
45,77,31,97,95,33,17,19,30,98,86,54,66,70,57,41
94,93,64,98,79,84,38,75,51,48,33,36,74,37,88,4
7,66,76,90,41,25,68,40,65,49,58,12,92,15,4,96
100,43,32,85,79,33,91,94,61,44,81,46,37,16,86,25
53,84,88,1,54,25,13,55,97,40,68,20,6,67,65,45
54,43,47,22,25,30,91,17,74,86,45,65,58,96,41,46
59,38,2,70,63,56,7,72,45,67,66,84,19,32,43,12
35,76,11,40,4,31,13,50,85,62,74,90,48,5,29,3
98,72,85,14,99,78,31,58,89,36,54,51,26,40,39,59
65,8,34,6,42,16,35,82,9,48,68,55,43,94,71,83
82,6,72,88,41,46,56,92,95,13,79,65,50,40,42,57
72,22,75,92,3,11,76,28,32,35,25,87,80,21,83,91
84,21,78,92,33,89,25,31,86,17,66,80,12,20,94,98
19,13,89,98,42,60,90,8,91,52,48,92,74,94,51,55
22,15,27,96,64,47,30,51,86,62,23,59,80,68,69,77
46,14,9,31,56,39,90,53,61,7,65,24,83,81,69,37
28,19,17,6,95,7,12,35,39,33,87,74,20,73,30,57
86,1,90,96,12,40,8,9,52,6,75,77,83,64,36,44
26,40,27,11,54,75,34,86,36,19,76,100,48,13,59,58
13,31,41,59,12,52,5,1,84,26,91,93,33,6,90,96
23,75,28,13,40,3,73,15,95,80,58,9,27,94,79,21
45,43,99,42,94,80,4,90,49,19,40,81,79,63,83,51
87,9,73,8,97,32,17,38,36,91,30,64,6,43,29,26
23,21,61,95,97,49,57,1,58,35,54,19,65,91,90,89
21,31,47,70,33,90,80,6,18,36,1,34,39,97,82,3
96,55,2,98,35,50,76,60,12,24,94,25,62,47,36,38
89,72,31,13,100,45,25,30,57,11,65,91,34,47,21,3
20,41,52,9,61,39,38,97,62,80,7,79,49,51,65,6
16,94,1,95,44,89,26,40,67,17,42,3,51,27,9,74
32,96,14,99,88,42,76,57,24,47,69,84,15,38,80,89
76,48,40,44,51,5,55,52,86,33,83,11,32,36,22,54
3,83,16,15,46,70,71,58,9,95,24,73,78,87,97,6
57,54,59,7,96,65,25,37,69,5,78,22,46,55,71,32
65,28,93,41,7,29,60,54,68,36,5,20,14,66,82,99
24,86,83,5,37,77,51,20,87,30,97,42,99,16,85,9
94,2,79,92,6,60,90,14,4,59,8,71,12,45,44,74
64,61,11,93,18,51,71,78,77,16,44,30,84,21,94,35
30,92,33,7,75,67,51,94,97,44,85,95,84,25,4,90
23,19,89,3,50,78,45,65,36,4,72,5,22,100,90,69
51,78,62,71,82,67,70,30,24,12,9,2,43,41,50,81
31,42,78,50,48,38,99,87,28,7,96,23,92,67,83,9
40,53,6,65,70,25,31,17,19,97,4,64,34,21,61,42
26,77,89,45,62,94,23,20,49,78,91,36,88,52,2,22
87,69,28,73,59,84,57,15,76,44,78,18,24,62,25,70
72,48,70,34,49,55,40,69,10,99,44,84,7,87,39,65
95,83,75,20,90,97,27,55,43,12,74,6,34,25,58,14
13,72,68,85,70,77,40,84,43,4,73,80,93,41,9,16
97,34,8,65,94,43,21,53,37,3,16,67,75,64,22,41
10,90,11,95,30,68,65,40,47,98,97,58,41,39,79,48
67,94,72,34,73,29,45,63,22,15,43,99,92,36,58,62
32,44,60,56,67,40,76,8,93,22,48,100,3,82,27,74
4,6,28,89,7,92,51,46,69,19,76,26,11,91,22,34
44,24,76,2,29,38,49,51,86,28,80,13,46,59,93,88
93,61,84,43,80,23,40,39,83,94,9,48,47,12,63,79
28,60,25,59,36,46,80,85,76,74,38,8,65,37,83,58
5,95,18,23,96,99,4,72,58,59,3,54,92,44,29,33
41,34,67,98,19,24,44,39,70,52,33,84,27,15,26,58
100,75,39,56,12,14,28,44,88,15,21,45,71,68,17,82
30,95,18,77,26,73,25,45,37,33,32,39,5,38,20,8
36,37,41,61,70,78,94,11,23,97,15,45,54,75,99,22
95,10,13,39,30,1,41,87,57,61,50,12,42,78,94,33
74,60,76,56,2,97,17,14,84,7,1,23,34,19,75,37
63,2,96,99,35,5,36,12,70,53,48,9,72,21,54,14
18,15,55,22,91,2,28,57,73,53,45,65,52,71,67,44
82,73,46,32,77,55,22,62,10,47,59,56,43,17,91,5
4,6,27,24,64,100,65,97,33,36,50,81,75,13,11,47
26,22,53,47,80,97,72,21,31,88,25,40,36,13,57,42
70,6,55,77,21,85,53,60,92,48,97,75,98,100,9,86
12,37,95,30,98,43,18,14,87,79,50,27,40,73,55,72
52,17,6,36,16,1,69,68,11,91,23,60,28,92,33,70
100,91,45,4,15,51,18,77,54,47,12,19,86,29,41,92
89,29,70,72,47,53,6,96,58,71,74,91,2,73,61,82
42,25,37,31,95,70,84,72,60,85,7,3,61,68,76,8
32,80,41,19,95,78,97,46,96,40,28,12,9,10,92,26
74,6,18,97,79,80,24,12,68,55,33,35,93,69,22,59
3,42,36,27,9,14,39,51,53,6,99,4,52,74,35,10
40,25,82,78,18,60,33,7,70,42,22,3,28,14,74,19
65,1,56,61,51,5,42,44,95,24,93,90,91,99,45,92
86,45,69,36,60,1,47,90,79,21,30,78,23,59,39,65
93,36,19,2,27,8,48,16,47,7,37,96,10,17,60,33
55,2,7,62,12,57,46,69,100,3,54,30,36,66,50,14
68,33,35,47,37,67,94,93,29,48,85,60,15,90,66,88
72,53,30,62,78,16,58,57,42,35,76,48,1,47,71,19
14,51,20,12,40,21,80,25,73,85,60,65,46,34,37,66
90,57,75,34,82,70,25,24,92,76,29,77,71,42,41,50
73,53,20,74,43,30,83,14,36,58,76,99,60,24,8,91
91,95,35,58,7,53,68,87,29,15,84,32,41,63,11,31
96,89,81,75,95,1,13,43,28,2,10,36,66,94,14,60
27,39,37,82,68,58,73,70,94,91,88,40,15,30,64,54
79,2,78,50,54,70,48,28,89,12,24,88,14,84,7,66
34,16,100,2,11,88,42,73,61,69,27,10,17,46,51,3
39,70,48,11,22,53,44,29,10,67,56,81,83,36,4,92
98,29,33,79,43,2,87,28,97,31,22,82,66,81,1,70
98,94,56,79,72,84,99,57,34,18,48,28,87,52,35,50
9,2,82,98,34,28,73,33,6,61,40,100,97,23,62,95
37,48,45,6,49,30,9,43,16,99,46,93,10,36,88,92
64,68,49,83,18,24,38,85,89,14,16,76,84,86,13,96
30,80,65,42,54,53,9,16,23,15,2,72,69,73,32,90
86,83,85,67,79,20,22,14,73,4,92,35,38,42,95,87
25,81,37,100,52,38,35,56,40,93,24,12,16,7,91,34
34,72,65,97,13,92,12,27,25,53,33,19,48,15,74,61
25,72,27,1,38,85,6,23,44,89,16,45,37,78,61,32
83,58,68,56,61,90,16,93,46,85,5,84,39,35,42,70
56,17,92,100,51,28,20,65,74,95,55,34,84,47,57,18
41,28,3,1,60,40,18,66,95,91,85,59,68,34,57,48
28,4,62,73,58,21,63,61,80,94,30,57,34,100,64,19
59,6,25,76,69,38,45,31,13,18,52,24,46,41,70,17
73,52,77,24,2,5,8,99,13,82,39,51,12,55,33,65
22,48,18,54,71,42,82,84,78,77,47,25,32,90,11,33
99,62,64,13,65,92,98,10,29,24,57,87,5,96,94,7
40,28,43,94,32,84,3,14,30,75,6,24,23,67,44,68
53,18,69,12,68,66,14,34,85,99,55,29,71,3,49,26
24,28,88,76,20,33,81,86,3,16,79,64,90,18,35,45
27,15,43,79,62,59,13,33,48,20,47,24,63,34,65,39
86,44,45,4,22,33,82,79,42,74,24,73,11,75,14,56
85,55,74,84,37,46,76,18,81,51,47,93,23,78,48,32
75,12,58,6,25,30,4,16,20,19,61,33,80,97,28,74
87,11,63,1,53,25,69,67,93,75,49,48,89,2,77,42
89,20,36,38,66,88,11,37,29,78,31,82,71,33,7,61
61,64,20,95,84,80,3,58,60,81,77,39,65,85,19,15
42,10,48,54,74,93,77,16,94,13,9,99,19,8,11,65
91,28,27,5,97,49,59,47,56,25,79,45,32,77,4,58
73,68,60,46,28,25,44,15,54,97,58,8,45,3,92,6
37,62,97,31,54,68,39,87,25,29,61,7,40,9,27,91
58,11,89,79,31,43,61,35,48,33,62,68,22,9,20,57
54,65,22,95,23,28,34,10,56,93,92,24,33,35,12,91
21,79,66,10,3,43,50,70,32,29,56,52,59,78,55,80
36,33,82,92,67,24,80,88,73,93,78,42,79,45,77,35
64,72,76,36,35,5,91,48,73,75,28,55,56,30,68,74
76,61,40,26,5,83,60,88,55,75,43,30,14,84,35,81
66,35,98,25,73,58,26,22,60,53,99,90,47,15,27,40
14,48,98,61,51,91,71,49,78,45,67,83,59,72,99,73
42,35,90,88,98,82,25,38,93,72,92,78,89,34,68,71
37,62,78,31,71,39,42,3,45,86,53,81,64,34,43,35
51,82,56,27,62,78,76,52,46,71,73,79,72,63,66,25
44,13,97,91,49,41,5,39,30,77,43,28,98,53,6,92
12,4,82,85,42,55,14,70,90,75,57,31,24,3,78,30
27,98,19,32,70,10,59,81,72,66,18,51,64,90,8,38
89,59,21,12,61,73,35,74,39,43,10,24,26,69,87,64
3,82,23,5,63,88,69,54,7,21,75,55,100,14,58,68
61,45,75,65,20,17,51,73,54,62,49,37,97,22,93,74
97,73,3,74,67,50,39,31,4,22,75,70,96,38,59,30
27,61,42,81,87,88,52,37,16,84,54,60,82,2,74,23
24,54,44,83,20,27,82,46,17,10,55,45,26,88,68,93
5,44,64,89,80,23,53,79,63,74,19,31,98,69,56,12
47,66,37,18,5,30,96,99,17,41,43,46,91,94,83,34
97,33,45,20,67,62,25,27,91,34,86,87,92,94,53,17
88,47,38,2,35,34,80,99,59,54,16,40,36,66,77,97
78,63,86,97,55,73,42,1,16,54,32,53,29,70,90,99
9,98,44,49,81,64,100,95,71,7,19,51,72,74,5,15
52,55,11,62,33,7,85,13,64,87,21,5,49,75,93,38
78,88,27,91,17,1,70,99,49,2,18,31,85,73,64,28
46,90,79,22,94,39,66,61,25,43,78,12,87,71,65,85
93,75,12,36,86,16,54,53,47,59,5,17,64,29,63,77
70,31,64,11,27,9,34,6,74,29,71,39,45,5,46,3
72,26,41,25,95,60,34,8,75,56,97,4,58,87,91,32
71,70,78,93,7,20,6,87,14,9,3,53,88,69,2,95
14,78,25,21,41,43,88,39,57,38,56,30,50,37,12,75
98,39,45,62,30,99,77,33,75,25,41,32,96,69,66,1
15,23,50,19,5,14,92,46,90,36,16,34,84,75,8,61
83,68,88,51,65,43,98,13,23,55,24,94,31,70,100,18
87,21,1,9,78,65,36,6,30,10,74,41,51,14,73,12
95,60,27,17,29,22,24,92,94,28,80,68,40,86,100,7
43,40,84,60,44,32,46,36,9,45,71,99,67,80,1,42
69,86,32,65,16,93,100,42,31,17,54,96,26,84,79,67
36,4,73,35,98,5,10,67,44,75,32,89,27,20,85,69
98,48,63,80,95,87,22,33,28,71,26,51,16,62,86,27
35,80,3,55,30,26,50,69,11,85,39,100,40,67,19,57
29,86,93,45,24,56,64,38,60,19,6,87,59,42,66,21
81,37,92,27,83,12,36,15,39,91,24,58,32,28,87,6
59,77,68,71,35,56,20,18,39,89,45,30,10,53,66,63
74,51,32,85,25,52,64,65,86,21,75,66,34,81,68,9
71,58,44,37,20,65,61,55,32,54,38,68,16,9,35,41
12,86,90,11,97,13,87,54,88,61,46,36,94,93,35,69
28,71,7,1,42,62,19,31,35,26,25,32,63,93,24,98
29,3,16,53,42,18,74,93,23,56,79,44,19,77,95,88
66,96,61,76,2,55,73,12,7,70,78,32,84,65,88,80
87,65,39,78,28,27,31,33,20,51,73,71,93,52,60,12
9,34,49,74,90,98,31,25,93,15,82,60,85,75,46,39
7,90,96,75,65,4,91,64,25,9,61,40,37,33,63,67
81,43,64,26,98,33,35,51,31,14,89,12,34,13,22,83
85,34,28,91,57,83,13,26,27,49,58,19,61,35,79,50
89,66,36,91,23,38,55,62,56,30,8,96,2,31,83,54
88,56,3,34,60,14,93,80,46,62,49,50,69,26,53,97
93,25,20,2,73,69,11,42,75,30,51,87,66,58,14,84
51,10,23,93,20,83,78,42,55,44,94,37,19,90,100,36
87,70,33,61,37,88,41,2,73,62,78,52,26,9,12,22
6,87,50,23,77,34,86,64,11,39,70,95,52,60,75,45
54,41,76,91,86,57,66,6,23,83,92,51,1,19,21,88
21,41,81,40,15,20,25,74,55,3,31,61,70,91,32,68
23,2,44,43,38,7,85,3,75,60,72,48,54,81,25,13
98,86,79,87,8,3,57,51,91,61,93,72,18,7,62,44
89,19,90,70,100,53,79,16,28,98,58,18,23,27,26,2
84,78,56,16,38,23,28,3,18,76,12,54,19,40,71,68
74,59,77,63,1,97,12,43,11,71,41,10,49,20,53,83
62,93,100,26,36,68,82,21,17,27,92,54,98,9,37,4
73,13,84,97,54,38,32,31,89,64,90,79,81,39,71,19
34,87,17,3,79,29,69,83,16,19,23,35,5,76,67,38
3,13,17,85,24,87,12,80,43,52,29,83,26,28,76,63
30,76,80,84,67,85,44,37,10,97,56,96,89,38,42,19
51,10,1,50,57,39,64,3,58,99,73,23,40,28,54,87
35,30,59,3,26,90,78,17,11,97,44,15,8,75,89,10
27,68,58,57,75,100,52,55,72,14,48,28,83,19,65,63
62,82,85,28,4,29,97,58,5,37,39,86,66,95,56,80
50,90,87,99,27,48,20,43,59,35,36,57,15,5,98,85
78,13,35,62,92,47,17,59,65,86,69,20,83,94,25,44
87,8,13,75,76,37,40,27,83,55,63,48,62,98,33,66
99,43,81,40,85,59,53,93,42,56,50,60,94,62,96,39
41,5,32,2,55,37,39,47,90,76,92,52,94,50,42,53
63,18,73,87,29,23,21,56,24,12,13,26,85,36,75,8
53,70,74,60,34,32,39,100,14,64,56,43,98,62,78,87
10,59,73,69,41,81,22,17,18,83,82,54,16,79,64,45
98,76,2,50,33,15,12,49,63,88,95,47,32,85,79,40
90,60,51,21,94,7,63,70,8,3,88,12,92,93,98,86
94,38,65,45,7,95,21,30,44,26,92,91,11,27,54,100
57,76,26,90,98,87,69,16,27,77,53,1,80,7,28,49
30,61,95,8,44,4,3,79,12,16,81,53,14,67,25,97
37,66,95,32,15,34,30,47,5,25,79,56,58,22,99,12
65,12,76,96,16,28,20,36,30,44,58,6,9,52,21,60
21,29,15,53,35,92,7,36,97,31,76,4,20,26,54,60
26,4,65,90,57,14,22,67,79,42,54,71,81,49,55,73
84,57,69,90,58,89,7,73,71,53,27,66,20,13,5,67
54,98,27,38,87,47,20,82,63,81,19,23,90,39,45,16
32,93,27,49,60,22,92,59,45,91,6,97,2,85,20,46
12,42,61,85,98,60,29,44,31,24,25,86,32,59,5,16
95,44,45,38,1,25,37,80,42,34,71,77,24,66,29,20
20,95,81,53,13,94,90,99,19,55,27,88,4,16,49,7
83,94,49,64,84,10,77,22,92,60,62,73,6,79,98,67
48,69,95,66,78,55,64,39,53,81,37,83,45,25,22,29
67,92,39,17,6,50,64,99,72,84,57,53,19,55,88,4
26,77,98,93,68,67,72,1,5,28,66,63,74,58,78,85
50,71,81,77,94,4,63,91,19,14,78,76,25,45,74,67
65,62,37,47,96,15,71,31,54,27,87,5,82,84,49,46
62,66,23,31,86,88,45,21,39,74,41,91,87,70,77,47
51,76,59,99,30,90,50,32,8,5,73,36,74,61,11,48
75,73,49,83,66,39,46,80,24,70,98,9,99,89,57,60
82,73,74,59,17,12,35,1,49,83,38,37,9,57,84,46
45,7,73,25,26,44,57,41,51,95,34,68,94,11,19,80
6,23,42,62,4,85,70,8,45,17,79,86,46,80,19,36
92,22,40,48,77,60,14,87,79,84,23,86,75,89,42,47
62,55,56,8,59,77,26,58,10,44,98,25,36,93,19,79
46,20,27,75,16,12,25,50,47,86,5,98,49,56,13,88
15,82,100,77,74,98,31,17,47,95,4,88,58,96,41,1
6,13,53,81,37,1,56,60,94,84,50,68,27,36,35,46
85,45,55,38,60,9,23,18,33,90,13,53,41,27,62,56
1,65,99,47,36,22,57,94,98,63,73,64,69,55,78,8
30,61,98,97,85,36,15,6,26,13,44,22,54,1,34,50
19,11,94,6,70,59,36,2,50,17,98,99,77,4,64,24
43,33,45,9,58,84,35,64,97,57,73,82,34,22,56,80
46,51,76,12,55,32,16,28,94,49,100,44,52,25,43,19
34,91,100,82,60,67,45,79,85,92,37,70,74,57,56,65
74,98,92,19,35,64,12,5,17,86,37,29,16,70,20,82
3,73,42,33,94,69,44,95,37,5,34,64,9,51,14,86
63,97,23,6,85,100,89,30,81,99,74,79,41,77,14,61
62,84,45,33,1,92,17,86,88,81,37,42,11,97,72,23
23,64,17,56,54,40,50,51,8,30,21,11,26,32,39,33
79,50,83,42,94,70,97,14,1,33,21,69,66,23,40,10
46,15,44,83,85,68,26,45,25,7,17,89,18,3,57,14
14,74,70,24,28,25,1,3,29,19,31,77,55,41,36,47
27,7,18,1,40,71,69,50,79,73,13,70,42,55,94,20
3,68,75,42,32,46,11,87,15,92,89,16,78,57,55,70
67,95,90,36,64,14,26,43,30,40,89,76,61,87,69,12
47,28,8,78,34,80,64,77,84,23,46,48,72,16,93,39
68,43,3,39,24,47,58,67,5,72,59,57,16,76,49,73
67,64,33,28,89,6,77,90,38,65,26,91,25,88,11,60
87,96,3,17,83,27,76,30,25,94,44,90,79,92,2,75
68,39,10,90,77,62,43,76,38,28,97,73,80,65,9,94
23,84,5,25,21,65,28,64,69,73,63,38,74,52,60,61
67,20,26,5,39,63,24,100,81,93,84,7,6,85,45,16
81,94,21,80,61,49,51,42,43,36,8,84,27,24,37,87
26,47,3,93,89,31,74,17,61,15,69,91,59,10,76,63
30,46,27,64,15,81,96,76,52,69,68,86,16,29,24,14
19,38,52,36,98,80,86,59,56,91,53,84,42,18,41,2
56,43,38,73,47,98,34,24,19,58,71,77,78,84,46,63
88,68,56,10,81,28,41,58,9,13,76,20,29,53,93,24
38,82,16,59,42,49,29,94,45,3,99,92,91,67,98,32
10,84,62,37,27,12,87,57,15,76,13,21,64,32,19,20
71,23,52,51,60,42,56,39,15,45,53,68,86,58,8,89
4,95,41,59,55,96,23,83,62,20,25,18,10,72,43,84
34,36,88,51,8,91,96,14,83,58,22,99,37,24,84,71
76,24,42,66,36,9,70,91,94,75,13,64,89,59,30,14
15,26,30,11,24,90,55,85,95,89,45,43,32,7,64,92
90,89,81,1,27,35,6,3,44,14,49,33,95,73,9,63
96,54,11,63,73,94,64,77,74,70,51,10,71,44,49,97
26,84,54,72,6,49,17,40,94,23,42,81,77,10,67,87
5,43,88,30,86,41,84,33,9,12,42,24,87,70,44,3
1,26,39,22,67,49,23,73,61,8,58,42,83,59,9,97
47,36,92,10,93,84,27,41,85,96,64,73,97,34,55,25
7,45,96,15,1,34,40,62,54,99,19,24,74,14,38,73
20,95,4,17,81,44,60,90,33,38,64,16,99,68,45,49
69,58,45,29,83,16,46,34,85,26,44,6,48,4,99,55
48,21,56,73,74,62,18,88,52,64,40,66,27,83,45,71
42,38,63,21,88,82,60,3,4,49,56,25,20,68,87,18
76,48,74,71,65,84,42,18,95,75,34,67,81,4,55,53
62,66,95,27,6,3,80,14,78,73,15,41,51,81,47,54
99,63,90,10,82,91,79,47,53,18,5,54,56,2,64,8
28,42,49,58,23,76,89,2,37,24,56,92,40,48,35,70
70,50,92,52,51,9,73,95,66,74,80,85,62,100,18,21
4,62,95,70,81,30,66,71,20,5,63,27,68,53,78,96
55,9,11,33,87,91,44,64,20,77,68,43,76,29,38,4
58,77,62,26,55,9,37,4,24,16,68,100,75,65,73,88
38,32,46,18,63,76,16,75,13,21,42,60,98,8,47,4
25,44,14,30,78,36,62,42,21,23,24,8,9,39,79,18
67,90,70,74,94,38,16,62,31,39,15,14,53,81,32,42
96,83,88,92,71,97,68,23,58,74,42,93,56,100,79,26
54,39,91,43,73,5,85,29,77,7,26,32,64,55,51,96
60,38,49,7,5,77,28,87,80,15,18,46,69,35,11,34
41,43,92,37,82,98,76,49,69,53,35,61,5,7,50,46
64,72,38,93,75,39,23,65,86,79,68,33,62,90,57,16
91,96,33,30,45,12,29,23,64,5,43,83,14,25,99,19
38,100,42,63,79,31,3,58,15,78,53,19,72,20,83,50
28,44,37,74,73,94,55,76,66,21,46,53,57,39,99,84
46,68,33,89,60,12,8,48,92,24,95,43,91,79,73,71
72,98,24,20,54,65,57,76,58,87,40,1,39,15,70,26
97,57,92,4,88,14,18,51,3,96,86,66,1,15,13,42
89,8,57,36,46,27,21,50,32,1,92,82,86,22,9,95
28,90,44,1,3,84,93,73,54,34,49,85,18,97,75,76
36,34,91,57,14,37,16,96,23,33,51,41,71,72,80,54
34,99,100,57,40,93,45,28,95,23,46,47,66,59,75,42
30,43,35,25,2,15,90,20,19,14,87,33,5,82,51,63
6,95,90,32,61,14,85,63,54,25,46,36,93,50,80,65
28,63,55,30,82,40,8,97,10,16,45,89,52,42,85,6
39,59,73,63,4,65,77,60,64,56,72,71,49,55,51,61
15,45,5,93,65,61,53,98,70,64,43,79,14,83,37,75
18,8,47,6,34,72,27,31,86,42,99,16,19,20,82,17
92,42,91,8,38,51,77,98,84,45,87,67,62,76,95,1
20,99,68,14,37,44,46,57,94,100,26,21,80,66,23,97
45,97,91,22,48,59,90,61,82,55,66,71,28,38,47,44
14,85,69,91,35,31,12,63,87,62,44,9,54,7,64,10
35,32,9,87,19,53,34,72,70,20,58,25,65,7,81,4
36,74,78,96,18,8,95,42,47,57,66,9,93,15,48,3
25,19,14,92,56,96,95,98,24,90,82,69,41,1,79,5
76,15,71,56,17,31,77,86,64,87,8,18,30,80,90,5
72,88,9,32,82,39,29,94,69,17,21,80,67,74,44,49
67,39,62,28,73,9,33,53,85,23,97,31,55,83,57,99
100,13,50,20,30,66,72,59,79,51,17,36,71,67,15,9
47,37,79,25,48,3,50,8,4,85,88,15,26,6,51,60
67,75,43,83,55,88,68,18,63,65,37,35,95,74,92,21
6,39,61,43,9,89,27,34,2,91,57,17,69,67,8,36
6,37,7,81,57,83,78,100,38,65,31,75,12,82,42,25
78,85,69,48,67,51,94,36,19,70,86,74,79,84,7,25
47,3,31,46,68,37,89,19,35,21,5,60,20,86,54,43
39,53,16,99,11,35,5,32,45,67,3,34,57,8,28,20
50,91,34,54,90,63,6,1,66,42,85,40,15,81,88,11
71,85,49,97,55,56,43,44,35,42,82,73,81,12,1,61
66,20,86,33,12,8,55,49,15,63,64,99,39,19,87,67
100,29,81,53,79,25,19,21,4,83,45,68,10,52,71,98
75,25,58,10,38,66,27,100,65,1,23,72,94,78,81,68
56,60,99,51,82,26,100,85,70,31,62,80,97,32,14,29
73,69,32,99,28,8,82,7,19,76,59,51,13,48,86,52
81,48,13,24,96,3,97,27,55,38,69,95,25,75,33,62
17,18,77,83,52,27,1,65,37,88,12,84,57,54,23,71
77,1,47,60,17,58,59,72,14,78,51,5,55,25,100,11
81,79,8,7,29,40,19,99,61,10,28,57,27,41,100,70
33,97,37,85,52,25,31,7,64,38,56,26,43,87,63,47
98,23,20,61,2,32,38,58,84,46,11,35,24,21,56,45
22,59,43,66,28,49,86,58,80,46,35,32,96,53,52,100
5,30,38,12,88,4,62,43,50,53,80,87,68,19,69,59
89,69,88,55,49,39,68,48,5,80,53,60,58,73,50,2
93,45,43,78,84,61,63,2,30,27,99,17,11,39,38,23
86,62,53,32,55,2,81,40,99,30,42,38,22,98,50,23
81,52,16,65,23,50,30,71,27,39,66,92,90,13,85,68
14,9,39,24,94,76,98,4,54,81,52,34,17,45,97,61
26,42,68,83,63,12,7,69,37,71,67,79,54,10,33,84
14,44,78,41,5,40,11,82,10,7,60,75,74,32,25,54
75,17,50,52,70,90,47,35,61,86,26,45,40,83,80,53
39,81,84,21,35,20,24,44,27,1,98,97,37,66,4,55
17,82,99,33,90,78,95,13,83,73,76,23,36,91,80,94
8,44,47,80,32,90,65,1,100,14,84,75,87,39,2,57
80,16,96,41,92,81,24,14,13,73,39,75,90,5,44,15
2,26,55,92,7,52,64,6,9,74,78,35,76,8,4,44
81,97,82,43,4,57,36,64,84,27,38,2,39,71,58,41
82,3,22,19,35,83,85,7,26,6,42,55,87,90,38,88
100,51,94,13,81,7,90,45,29,39,93,23,3,87,56,16
91,9,69,95,77,36,74,73,24,51,61,34,53,27,65,47
21,60,63,8,30,87,10,9,12,1,82,50,11,34,31,86
82,37,97,78,3,70,51,5,1,33,73,95,87,55,88,49
98,52,96,4,91,15,22,77,97,58,72,84,37,67,54,56
56,59,23,39,36,45,21,81,30,66,6,11,92,48,20,2
27,52,77,91,24,67,19,88,3,96,74,31,51,86,44,41
18,9,99,45,77,15,19,31,55,27,10,32,25,93,33,29
28,55,63,72,11,32,87,98,57,40,62,1,9,73,71,66
83,57,37,50,58,7,72,42,32,15,26,23,97,84,48,28
57,73,99,53,84,47,55,19,9,3,20,97,74,88,68,58
76,98,84,97,90,75,47,44,52,74,45,62,32,9,23,8
44,73,71,18,4,86,81,67,69,38,85,37,100,95,61,54
98,100,11,8,6,62,41,15,25,64,40,22,48,83,87,38
73,54,69,52,78,42,65,94,37,14,15,98,87,62,8,24
67,65,20,92,68,1,47,6,77,94,93,3,4,37,64,88
49,78,5,63,14,52,48,93,71,45,15,7,69,55,39,17
84,72,50,89,37,1,90,56,70,16,76,32,40,22,12,3
77,47,100,55,31,19,21,29,67,43,38,57,9,76,27,92
12,24,81,8,17,13,28,27,56,20,67,66,74,60,96,86
49,59,64,79,60,94,83,62,90,36,24,30,18,11,68,8
84,97,16,54,36,94,93,77,5,46,95,38,13,35,26,76
47,50,96,85,38,92,19,49,64,94,42,98,68,76,93,89
22,97,36,93,40,38,74,50,57,98,85,77,100,67,44,60
62,36,41,39,70,77,47,30,2,93,84,27,12,25,29,19
10,75,13,31,97,65,70,89,36,25,33,73,67,38,55,88
69,57,97,1,79,82,63,81,84,41,50,26,34,62,58,94
70,50,86,9,93,33,25,32,24,6,71,58,67,4,19,38
8,87,88,52,79,65,20,70,83,55,94,21,39,56,33,23
93,41,56,22,39,89,37,13,45,30,21,67,34,70,63,75
21,33,44,39,26,48,13,81,92,72,8,38,6,61,84,10
12,7,87,70,48,22,79,11,21,96,64,95,85,35,75,61
65,72,34,76,19,66,56,51,14,44,5,16,17,35,37,10
42,98,49,54,93,83,69,30,100,57,48,97,53,55,77,29
48,100,25,94,62,82,16,10,54,84,88,59,29,87,44,13
24,58,27,100,82,23,14,86,33,72,70,59,1,97,43,84
12,99,42,69,18,33,21,90,53,45,58,59,72,3,56,96
14,50,67,13,77,79,17,36,66,89,52,35,80,54,29,70
41,73,86,64,29,19,36,10,52,21,47,26,11,85,58,7
30,89,72,95,45,53,55,29,19,18,96,99,47,34,69,93
90,70,46,52,37,77,43,84,55,21,92,40,38,12,68,85
95,89,81,55,4,13,94,27,48,28,41,79,76,43,71,31
23,25,47,31,83,8,97,7,22,61,79,78,18,62,9,54
20,61,23,53,96,48,42,31,91,35,81,18,6,63,90,75
50,27,70,38,2,65,32,77,84,37,93,29,39,13,6,58
39,54,69,73,30,25,11,38,50,1,20,12,57,97,68,23
44,30,46,95,41,16,49,79,81,64,62,14,11,15,74,54
19,31,95,21,44,97,41,92,7,13,74,26,39,8,30,82
8,52,44,84,35,54,40,39,57,74,64,68,69,80,18,59
59,50,9,6,46,48,80,65,37,4,68,93,94,88,82,85
2,43,54,70,40,59,68,62,94,60,25,61,95,36,44,49
36,53,94,37,60,64,77,73,12,52,92,50,35,44,10,22
9,34,60,65,84,58,1,18,31,30,51,40,41,46,32,12
76,51,27,93,32,73,85,16,40,12,26,17,43,54,33,80
9,38,71,16,32,3,92,2,21,13,15,50,53,17,12,14
36,63,67,41,17,44,95,81,12,70,94,39,23,100,18,16
20,34,46,14,93,43,48,5,92,22,18,88,61,15,85,30
75,48,7,22,30,72,17,60,59,96,50,1,12,58,94,41
42,72,70,10,30,23,71,12,52,4,85,56,78,34,13,40
39,49,77,75,84,89,60,26,92,57,3,83,59,35,16,43
66,18,96,41,67,12,25,26,73,91,24,99,58,23,82,87
11,57,73,33,74,70,72,34,62,79,46,18,83,13,95,56
99,58,68,32,19,34,8,31,69,77,79,73,7,84,5,9
46,37,52,89,69,56,3,82,64,54,85,44,35,72,81,51
15,25,27,20,85,26,87,70,72,67,45,50,39,81,95,94
83,68,47,79,86,90,57,78,42,89,87,4,3,61,25,52
53,75,76,67,62,57,90,56,18,28,84,40,42,3,36,1
50,8,45,4,43,84,63,85,53,55,25,83,7,79,10,52
80,59,76,99,65,44,85,4,41,49,26,63,81,20,24,23
2,78,56,6,88,89,52,66,63,64,29,60,5,92,79,70
32,100,49,27,63,44,41,54,17,62,77,5,26,45,88,65
36,76,82,83,95,28,44,19,40,22,91,42,41,56,46,38
42,43,72,31,51,68,52,21,98,29,48,61,4,35,9,77
41,20,26,72,13,60,4,97,48,32,100,89,38,46,96,64
53,83,65,32,16,13,94,10,2,69,92,4,45,72,52,98
4,59,12,28,10,14,40,97,19,31,34,32,45,62,65,81
37,25,12,28,39,83,95,1,56,100,52,75,97,22,66,55
86,92,7,66,36,13,10,57,27,59,39,93,77,11,9,84
37,87,84,61,28,48,58,47,55,12,3,2,49,79,82,27
78,64,32,42,1,19,25,92,4,6,33,9,7,67,90,61
81,33,91,14,17,99,64,52,78,35,18,9,86,65,67,11
13,83,20,17,18,32,48,15,67,6,58,52,3,98,24,62
32,5,21,1,53,83,65,46,6,10,34,58,94,59,26,63
28,40,95,92,23,49,75,96,30,41,88,97,72,7,33,18
81,68,72,35,91,24,98,69,14,53,89,39,41,23,2,83
2,44,5,4,62,50,54,40,37,61,83,98,80,65,57,87
74,82,26,66,94,57,43,32,9,85,63,81,39,33,67,79
46,63,85,44,89,87,30,53,80,91,83,40,32,36,74,62
13,4,60,40,69,99,26,67,19,53,95,56,37,41,50,22
80,84,67,15,16,58,31,29,85,90,53,7,42,37,50,65
100,34,87,48,35,31,41,4,13,2,39,23,84,28,17,29
82,83,52,65,75,46,62,43,50,24,17,11,47,15,2,88
40,27,84,43,23,92,24,53,44,6,21,10,39,18,65,30
53,21,28,64,93,23,13,62,71,99,60,11,38,19,3,14
55,85,29,24,4,45,36,60,47,8,40,72,41,6,26,70
36,48,76,44,82,14,42,95,54,29,65,83,5,71,66,97
100,24,48,74,87,86,69,28,52,16,92,34,62,54,30,95
90,52,44,37,50,61,32,30,100,77,1,19,79,21,59,9
96,71,39,78,32,50,11,97,46,37,38,20,79,36,88,15
57,93,78,4,82,77,9,5,72,25,3,70,62,10,29,71
58,59,100,37,80,17,64,23,14,81,36,72,32,30,63,89
12,79,76,68,18,13,3,75,80,56,77,48,36,73,14,61
13,72,73,32,86,78,23,5,98,29,19,12,99,38,31,76
70,77,30,7,57,58,11,94,99,68,23,32,34,67,17,52
62,24,84,42,34,46,30,3,11,17,20,37,82,47,100,54
48,53,39,55,40,38,16,85,13,54,62,43,78,37,98,17
45,27,16,100,52,19,44,37,4,72,46,75,3,34,68,54
10,24,71,53,40,6,47,12,59,98,19,7,85,78,51,84
54,34,65,15,16,22,79,10,85,49,99,52,53,78,39,63
25,33,9,51,47,87,27,40,75,69,60,67,55,49,8,23
36,99,41,9,97,21,96,88,66,10,27,49,24,87,42,70
50,55,11,87,45,44,79,100,23,82,32,95,42,7,66,83
40,91,21,35,73,7,28,89,51,23,41,70,14,22,69,93
57,97,41,6,1,98,54,66,28,32,31,68,13,24,9,47
97,66,24,59,1,12,54,50,29,3,23,28,10,6,11,21
97,45,64,23,1,67,44,86,93,42,94,49,17,13,81,40
42,16,94,97,58,12,84,18,69,92,44,30,36,22,59,96
21,82,91,27,96,51,53,54,8,7,13,44,80,17,79,29
47,100,67,80,91,75,56,25,13,29,95,73,57,45,64,70
64,26,79,7,6,62,93,18,94,70,19,15,83,69,55,88
42,67,44,43,11,68,25,41,75,65,86,21,99,74,64,45
67,27,97,14,90,15,58,23,68,63,20,56,88,93,76,92
87,76,21,24,68,15,81,17,100,59,5,23,58,95,3,63
24,75,28,54,69,14,79,33,94,15,43,77,83,40,84,32
3,70,86,9,85,58,79,38,40,68,61,94,21,76,46,54
49,26,17,46,33,8,14,27,84,69,71,54,59,91,15,24
1,90,75,11,36,43,37,72,29,92,73,27,25,45,22,48
12,46,4,61,85,86,42,79,67,21,98,68,75,93,81,35
17,36,72,18,52,69,46,4,23,80,87,1,59,82,68,75
21,99,33,63,39,35,72,19,38,27,93,47,31,2,85,28
71,53,61,60,11,22,89,23,86,81,93,55,79,91,33,26
88,6,85,80,53,81,43,12,22,60,41,7,91,20,14,48
14,12,55,51,93,33,61,46,17,35,28,18,78,21,1,6
40,56,59,63,52,70,55,69,36,37,71,78,65,60,83,93
65,40,35,53,42,26,80,79,95,24,28,45,17,57,91,31
89,24,38,31,9,19,50,55,44,39,26,70,5,80,82,15
65,26,96,50,23,67,89,12,42,58,15,54,86,22,3,99
89,59,86,37,64,82,72,62,4,12,18,8,44,51,40,61
48,37,34,59,60,14,70,64,47,33,67,19,35,86,98,77
48,43,53,10,82,58,60,74,65,51,85,21,1,91,80,37
10,9,62,41,74,45,72,100,49,82,31,80,3,35,21,96
24,59,48,36,34,21,2,14,66,61,90,64,47,11,33,18
41,44,29,36,82,64,69,54,89,49,93,3,99,86,85,74
79,29,12,37,94,87,91,9,21,65,86,90,62,69,35,73
5,59,73,13,21,34,14,84,80,18,58,71,30,12,37,22
99,59,70,45,77,34,14,17,24,38,67,43,100,42,69,8
72,68,75,32,31,53,23,46,78,55,58,49,34,8,61,88
80,95,58,40,59,65,70,26,31,96,73,81,91,42,28,43
44,10,18,100,68,34,21,86,51,26,32,71,59,25,54,73
42,97,91,51,44,11,78,52,85,46,34,39,31,2,63,29
6,94,87,96,70,48,39,57,54,68,99,74,91,18,15,89
13,53,84,72,11,25,39,27,43,16,69,85,77,38,96,37
36,26,93,17,43,60,75,41,67,44,78,97,13,54,71,38
20,100,59,7,84,98,65,40,68,77,17,99,22,23,24,74
84,13,70,41,40,9,62,30,50,93,4,73,52,96,11,58
43,6,20,7,4,13,28,100,56,49,38,70,75,52,16,8
37,41,85,73,88,13,4,91,82,22,63,77,18,46,69,48
55,59,17,98,4,42,23,90,56,57,69,96,78,94,28,31
48,35,47,82,43,81,38,16,54,5,100,18,39,8,56,3
28,50,82,89,31,83,97,79,6,53,94,92,100,17,19,64
67,29,98,96,93,32,18,94,69,45,68,99,7,43,60,8
20,7,37,72,100,58,46,48,93,35,44,45,62,12,74,17
51,50,14,81,21,3,40,74,16,11,17,24,6,37,20,87
53,73,26,70,43,55,97,16,9,6,95,35,2,96,12,82
78,71,58,62,21,44,27,79,60,34,29,30,11,35,32,99
36,83,74,66,10,18,20,97,91,60,5,67,45,50,82,9
55,45,43,61,57,39,76,19,35,18,85,67,64,25,65,13
39,87,96,5,2,92,50,16,90,23,93,79,42,78,1,30
66,11,50,88,80,79,22,28,62,92,60,51,16,84,25,87
30,73,90,63,33,71,31,100,42,78,76,28,25,52,9,45
2,29,4,88,12,75,41,60,74,99,24,23,78,55,49,6
85,8,33,19,93,15,18,23,60,6,89,63,35,48,88,13
49,64,36,38,82,59,99,9,33,37,16,92,93,97,53,23
81,22,57,12,44,30,39,68,1,17,27,3,10,88,43,19
5,20,61,68,83,96,76,23,46,57,27,67,11,21,4,89
11,43,7,69,8,61,58,38,1,48,94,64,4,14,63,91
79,88,83,92,15,5,64,20,87,89,8,34,85,52,66,32
88,94,53,11,26,23,59,21,10,38,27,41,13,89,57,25
99,100,47,94,70,86,41,65,90,92,78,69,24,76,19,82
44,37,34,12,1,78,46,24,92,6,17,53,73,21,39,31
28,2,1,21,25,41,63,27,73,90,64,4,30,97,61,18
99,74,11,14,19,97,20,15,47,69,98,5,38,43,22,32
47,73,56,91,43,23,1,89,34,94,87,6,93,25,21,98
50,36,70,17,7,30,49,1,26,44,43,20,60,99,93,53
85,91,70,29,17,33,96,92,35,80,82,55,41,24,32,75
1,68,75,16,66,4,76,77,72,45,80,84,74,54,33,48
57,80,31,12,53,61,88,89,94,99,67,1,26,55,93,66
16,35,62,30,63,48,90,86,3,73,7,29,66,55,54,83
45,4,35,18,31,95,88,58,73,85,32,91,44,90,25,100
76,85,70,24,61,65,89,63,8,28,27,56,62,49,1,21
44,24,78,69,41,13,2,8,39,46,94,80,37,75,22,51
47,46,67,24,19,85,58,4,61,51,50,78,48,60,53,54
62,24,94,56,7,27,79,78,58,87,35,92,57,23,70,5
93,54,10,45,16,78,74,75,6,68,81,66,44,89,29,50
14,55,71,31,42,43,68,32,85,56,73,6,17,21,89,51
94,32,67,3,88,12,4,95,50,43,40,74,38,53,14,97
11,76,89,75,43,70,55,44,13,51,24,59,54,38,39,93
17,75,65,88,35,9,40,82,28,45,67,55,27,99,48,83
64,58,23,42,85,9,1,14,30,56,47,2,54,35,78,73
47,52,100,74,25,86,34,39,94,98,10,19,82,76,65,80
28,98,34,30,4,32,100,58,89,39,12,57,55,74,96,93
20,23,39,93,91,61,54,21,25,49,8,59,94,57,89,27
75,78,58,56,9,14,16,7,23,52,80,59,15,6,77,29
58,28,45,60,19,55,47,8,31,71,72,11,32,1,30,98
93,32,55,41,99,44,85,49,18,58,91,26,53,13,33,59
87,19,20,70,1,22,74,75,13,17,26,55,98,65,86,8
87,49,39,47,52,41,90,71,83,5,21,19,92,97,84,34
46,4,35,91,98,33,71,89,2,54,79,74,29,65,60,93
58,99,47,8,14,32,64,23,65,83,25,26,93,78,11,84
98,18,100,66,16,21,4,50,64,65,78,67,63,54,74,60
48,100,40,65,56,27,55,59,3,69,76,30,66,16,84,99
38,23,71,48,78,40,29,68,84,67,61,87,58,32,47,46
80,73,82,51,57,90,58,3,39,38,79,76,12,89,1,7
69,21,24,45,47,57,23,73,63,62,27,12,87,80,86,51
75,23,37,34,57,26,77,83,38,28,27,35,52,50,100,45
69,84,11,77,9,28,81,37,5,49,46,6,59,89,52,34
47,51,18,87,48,94,86,69,33,17,97,42,45,27,80,61
88,81,38,39,33,17,42,56,96,28,89,37,4,26,78,23
5,38,56,70,74,45,86,58,66,90,18,91,79,11,48,54
41,94,54,99,73,91,30,97,85,36,18,12,65,14,96,58
49,78,39,44,21,83,94,86,9,13,77,71,76,31,91,16
60,65,14,62,49,73,95,55,17,12,89,85,74,91,64,5
32,11,60,68,93,38,67,57,69,24,42,76,95,71,65,46
69,93,61,30,8,2,9,90,7,57,16,92,55,44,53,45
32,92,67,11,50,37,3,94,35,61,19,85,44,39,77,55
48,94,49,44,24,47,19,82,96,97,59,37,15,11,31,35
40,35,14,99,13,71,26,82,31,15,100,92,45,74,12,93
75,56,61,55,76,87,84,32,85,24,99,40,5,88,71,23
66,34,97,33,81,1,22,60,64,63,26,80,32,52,51,73
23,31,43,61,35,70,89,40,97,30,36,47,32,17,53,56
31,40,35,91,46,27,23,29,80,6,100,26,62,41,15,2
34,17,50,79,18,33,48,15,65,70,23,27,21,52,67,89
54,65,45,91,95,33,28,24,38,99,19,100,96,93,60,37
44,80,14,75,13,24,46,61,68,32,9,23,5,43,60,41
26,88,9,72,77,47,99,76,35,54,13,49,25,70,15,83
13,31,65,16,1,26,81,93,3,86,61,100,97,33,63,57
46,68,62,65,96,24,82,99,22,89,38,35,28,42,100,69
56,73,1,62,100,89,40,26,12,79,27,61,29,88,63,41
5,38,100,53,26,78,43,93,61,97,48,88,41,40,39,20
52,4,39,85,26,86,18,44,31,91,51,78,77,40,100,60
52,2,18,93,60,29,85,24,56,59,99,38,4,1,39,70
30,21,73,83,79,32,55,96,15,27,7,40,39,3,2,29
13,74,6,96,77,70,66,80,38,12,50,93,95,83,75,99
62,10,61,11,22,33,89,100,68,49,78,56,52,57,93,94
49,72,32,14,1,95,5,26,10,35,8,27,93,40,61,41
92,49,86,72,62,70,22,94,56,12,91,1,53,48,34,98
70,96,50,100,33,69,63,2,62,37,35,40,22,5,60,45
27,82,8,29,89,98,83,33,60,47,59,6,52,3,93,96
9,64,10,81,16,52,67,38,4,77,93,83,8,20,66,49
27,22,75,30,36,51,21,99,83,61,74,91,31,76,60,52
41,89,57,25,46,55,2,53,65,4,27,28,22,48,72,12
13,52,56,57,6,19,46,87,55,34,11,93,33,66,54,98
81,29,70,84,82,53,24,79,37,54,85,67,71,40,27,87
42,7,10,92,22,81,3,17,91,41,80,52,32,66,39,46
96,70,47,27,97,79,78,29,32,59,5,22,91,93,13,14
40,5,89,34,97,63,77,7,24,95,80,87,79,49,88,43
56,27,74,88,5,2,68,70,79,42,72,71,49,98,66,64
73,26,11,29,80,67,53,75,69,63,49,36,47,100,81,45
22,2,27,90,39,8,84,36,97,28,81,19,91,83,75,98
80,43,71,45,27,4,10,39,72,63,40,68,65,13,100,86
24,50,21,99,66,44,29,98,64,22,94,7,92,41,68,23
47,98,38,83,34,84,20,2,32,14,27,59,45,73,44,36
37,79,36,33,23,59,95,10,40,89,34,63,75,28,52,32
50,39,5,98,67,81,13,72,84,73,6,27,74,38,47,91
21,7,20,39,47,66,63,9,18,60,71,73,56,74,8,75
39,67,93,64,76,60,99,12,13,87,96,48,89,82,34,75
11,46,19,22,13,35,62,24,71,89,52,10,67,30,17,34
16,52,2,1,50,99,18,75,71,27,5,63,57,9,36,73
68,53,60,96,76,18,29,1,22,52,79,77,25,67,90,54
35,38,37,85,25,75,23,36,90,3,14,99,78,66,73,26
50,17,52,68,57,73,21,87,95,11,24,7,34,63,64,36
56,25,52,38,37,69,50,40,30,41,70,81,36,47,53,62
78,57,49,44,39,20,91,56,7,25,30,36,28,62,67,46
63,15,38,89,83,46,55,8,30,49,12,17,87,11,16,58
84,81,38,61,70,45,39,80,33,2,87,85,54,1,69,7
52,37,39,7,19,97,31,11,17,60,77,61,95,5,42,48
23,26,27,40,90,24,45,18,43,95,41,35,57,51,8,89
18,11,84,7,9,60,95,83,68,38,15,74,8,32,33,30
32,67,96,49,57,77,91,100,2,8,36,92,25,76,34,7
41,7,65,45,52,14,23,70,66,15,30,5,82,86,1,59
15,12,100,37,77,41,27,52,50,18,92,97,40,35,8,46
5,77,51,24,73,93,27,59,75,68,38,7,14,15,41,65
48,85,3,97,53,35,36,43,67,25,11,94,26,15,19,81
78,3,81,44,70,48,21,22,66,57,88,58,11,36,95,71
19,72,67,35,85,1,34,52,50,58,16,26,74,28,37,48
93,24,86,76,98,92,70,66,62,46,71,41,34,21,89,37
49,80,59,42,23,10,31,85,94,14,61,81,13,89,45,17
73,53,67,44,60,30,26,68,71,39,5,22,99,59,80,78
6,4,8,14,87,40,32,38,83,75,30,35,54,48,80,34
34,15,45,77,75,97,2,32,89,36,58,42,99,71,7,84
21,93,50,24,22,51,90,91,89,86,26,40,42,45,36,64
74,87,60,100,68,29,59,25,62,90,32,31,11,23,71,41
29,39,67,92,65,54,55,16,13,32,100,10,31,85,88,74
48,65,87,22,23,89,61,7,3,79,10,35,19,38,97,24
1,50,90,87,38,71,16,22,6,4,2,92,96,37,63,18
18,19,9,60,80,7,25,48,24,69,90,87,13,58,56,33
55,42,49,29,20,90,92,46,48,79,4,24,85,33,96,73
53,95,54,74,46,76,41,67,9,93,42,3,71,77,2,23
43,24,72,23,88,82,22,70,98,73,40,84,100,65,74,3
35,44,67,19,93,92,63,71,82,49,48,31,79,62,57,10
51,57,77,9,27,64,91,44,79,4,49,50,1,22,2,40
79,47,73,100,39,38,11,1,49,33,68,64,94,98,20,78
30,73,28,95,47,33,61,69,53,77,82,63,20,9,86,44
29,64,93,88,92,91,17,55,3,14,26,19,35,78,24,4
15,62,98,57,48,30,9,58,51,13,2,41,11,92,55,91
83,86,40,88,61,51,25,38,97,21,92,58,22,67,2,1
9,39,20,55,26,65,83,28,68,54,4,89,98,10,84,13
61,8,70,25,66,98,90,93,54,49,38,96,59,79,55,39
45,82,43,24,68,9,1,33,40,53,93,89,47,34,81,14
8,89,16,24,91,51,6,54,74,10,62,9,100,13,20,76
29,53,70,57,19,81,16,15,1,13,50,23,48,89,63,92
49,2,96,20,10,53,70,28,1,46,66,91,94,26,76,86
88,47,19,93,30,59,72,41,89,57,3,84,36,31,23,68
55,18,57,40,26,33,77,56,75,42,43,47,63,29,7,19
31,72,5,13,69,67,45,44,38,79,17,3,33,75,94,22
61,5,64,29,47,6,58,15,85,57,94,41,40,2,44,75
74,15,73,7,99,53,31,77,59,17,76,35,14,2,49,46
23,27,67,52,82,12,70,37,86,18,1,22,56,42,75,31
30,10,100,57,50,99,29,74,59,67,93,81,77,78,65,25
66,18,7,11,5,44,13,65,54,67,53,23,29,26,70,25
74,15,40,20,96,17,22,57,89,44,30,5,41,46,11,6
12,18,55,62,22,15,30,80,1,48,3,77,20,9,42,75
91,70,14,10,68,90,73,80,41,22,27,23,9,4,29,53
66,83,23,99,22,12,18,7,85,6,89,49,82,64,19,15
97,12,85,81,19,88,4,93,6,77,58,55,86,32,65,75
59,38,86,5,31,87,8,76,36,61,53,78,80,39,25,18
72,66,29,75,64,7,63,92,73,11,97,91,18,2,60,84
56,25,76,88,21,1,32,95,11,36,72,97,58,35,62,79
61,94,5,79,1,69,57,73,98,11,75,80,13,45,92,74
65,87,12,28,100,47,23,10,37,74,53,29,58,78,82,85
23,85,99,45,77,38,35,2,60,79,83,7,84,69,16,72
32,23,87,93,22,75,15,98,38,7,36,37,70,51,29,43
14,73,34,7,24,26,40,64,100,61,51,91,39,75,84,82
17,36,29,32,50,79,38,45,43,40,14,30,66,70,97,76
71,88,83,24,11,28,90,94,74,93,23,67,16,65,97,78
97,24,55,11,35,93,87,67,26,6,42,29,31,71,83,10
41,43,39,42,27,29,10,63,70,74,92,75,96,93,88,16
17,56,25,47,45,65,48,36,53,95,80,78,19,60,89,12
43,47,73,100,45,15,84,36,96,76,79,66,56,40,82,23
39,35,60,46,93,59,90,63,67,33,62,100,78,29,7,69
15,23,27,47,26,9,65,35,69,6,81,56,46,85,88,55
31,34,75,45,11,2,69,7,51,9,49,73,25,60,77,100
19,60,31,75,73,27,94,39,52,45,74,5,71,48,78,55
12,10,15,91,17,62,43,37,24,85,97,65,67,52,50,14
37,50,68,100,30,18,15,34,43,42,57,64,96,38,40,19
38,22,20,79,46,78,96,82,53,10,17,80,63,16,76,23
31,65,3,79,43,92,70,90,55,97,68,40,22,17,10,82
20,93,91,96,12,88,32,21,40,72,24,16,7,76,67,66
89,43,76,33,91,83,22,98,15,51,18,50,41,90,80,59
71,9,79,5,37,94,43,63,62,15,16,82,46,8,80,54
14,21,52,80,75,13,16,63,55,42,4,37,99,11,3,50
36,57,76,15,82,52,3,83,97,68,80,8,11,79,33,22
15,19,14,74,75,38,29,93,68,30,48,28,57,40,47,98
15,1,52,66,56,42,13,75,25,39,36,44,59,79,18,58
65,19,84,12,7,9,100,78,79,42,14,58,48,35,99,86
38,57,6,64,43,46,67,93,29,41,99,82,80,17,44,74
91,62,20,88,76,36,15,56,63,73,98,13,83,68,24,65
82,22,78,57,38,81,98,97,6,58,83,35,54,52,34,55
6,95,44,12,65,45,84,28,27,73,85,50,23,47,46,39
79,91,7,92,57,81,87,3,54,64,30,34,58,35,95,90
90,29,46,22,52,93,15,53,82,72,78,95,49,100,14,67
88,99,79,84,93,44,76,80,12,48,75,73,31,64,30,63
76,96,46,54,19,69,88,52,61,42,2,70,39,15,23,71
8,94,39,100,96,92,20,18,81,13,10,52,80,70,22,48
54,92,100,71,69,6,8,50,56,83,62,33,32,61,18,59
65,53,67,22,50,37,27,5,94,11,28,4,43,70,54,18
50,8,11,17,43,69,100,15,95,77,30,23,93,52,87,38
88,66,44,51,60,47,78,28,21,19,68,100,39,34,24,93
87,92,3,49,82,20,84,72,83,30,14,58,65,4,12,74
21,26,61,15,76,67,5,84,42,57,83,97,77,4,88,12
76,100,31,80,21,97,78,2,7,85,40,48,92,66,70,58
11,5,8,47,91,68,14,58,17,3,71,87,53,4,88,43
56,10,8,83,53,35,64,44,78,76,14,15,74,94,84,62
16,10,30,84,55,87,53,39,86,74,51,5,24,28,65,52
83,49,98,88,26,16,57,96,67,37,21,5,100,15,25,58
64,37,20,98,28,6,84,91,38,1,22,65,51,8,87,82
89,80,13,97,57,92,84,24,42,2,35,55,46,95,37,50
4,56,29,12,57,16,13,80,81,1,26,43,76,51,90,60
34,1,11,88,71,75,89,95,46,68,97,7,61,29,21,69
86,52,45,42,47,100,84,31,32,76,25,91,72,65,41,34
60,51,49,77,29,33,13,63,98,50,5,39,38,37,79,54
56,22,40,91,79,31,1,95,42,97,62,46,63,61,94,78
99,43,84,3,55,70,11,88,87,24,81,44,19,1,41,28
4,85,88,56,36,20,100,34,49,5,26,31,43,9,42,76
90,15,80,54,68,6,43,94,14,36,18,70,62,83,38,76
55,71,45,91,92,33,68,98,1,62,48,52,61,82,29,43
28,55,17,83,84,11,12,67,66,26,14,69,59,80,39,35
53,79,33,3,60,73,94,47,19,9,17,5,89,78,83,74
12,86,8,29,71,47,79,84,17,62,30,36,99,9,100,49
69,71,18,94,68,32,29,65,66,6,22,50,76,7,19,26
18,43,96,21,73,86,82,74,68,42,10,37,1,45,27,39
94,93,18,27,39,11,8,41,65,19,99,37,12,47,30,45
39,87,80,7,21,14,78,42,49,95,99,75,96,11,63,76
55,96,16,59,84,43,75,67,40,24,86,25,20,11,2,12
66,86,19,85,11,88,47,54,97,65,6,1,44,62,96,49
3,94,38,69,42,56,27,61,79,64,67,81,57,6,33,26
22,50,47,89,37,99,44,13,46,33,5,14,3,97,32,67
66,65,35,87,53,90,15,57,89,56,48,72,27,5,9,13
8,85,3,43,6,33,31,78,26,15,55,13,57,47,52,62
77,48,93,57,44,27,20,61,7,83,1,58,96,70,10,3
52,34,56,53,62,81,43,64,57,94,87,97,36,79,16,4
26,15,63,60,83,22,55,48,46,7,49,69,89,47,94,79
56,37,34,39,32,53,90,24,83,10,99,44,87,100,16,35
18,80,57,41,37,8,86,63,82,43,25,15,17,56,67,40
69,16,85,25,1,57,50,98,81,14,95,67,46,87,36,96
1,61,57,94,56,91,60,22,53,28,33,92,48,65,89,30
44,37,30,70,56,94,4,83,17,93,76,22,6,41,51,39
10,37,42,50,80,39,5,14,30,55,45,47,9,27,79,25
27,14,10,7,5,49,43,79,41,32,24,22,50,68,83,64
5,22,16,25,60,90,57,100,2,33,7,41,96,78,19,75
79,8,41,49,32,48,77,54,4,90,95,76,63,64,11,14
52,43,2,93,5,11,1,55,32,86,38,14,36,95,37,53
62,13,67,94,16,51,35,2,79,48,23,32,68,55,6,65
72,64,38,29,79,18,39,95,9,21,86,46,1,92,5,28
47,73,2,79,35,15,57,17,77,80,5,82,53,72,91,52
63,97,39,7,58,77,35,46,9,61,16,28,17,100,36,27
81,35,46,23,66,3,20,47,40,19,13,92,15,100,39,14
71,40,56,25,5,72,79,42,80,54,26,96,65,1,81,6
32,49,93,39,79,13,72,43,51,35,64,56,75,88,24,31
11,29,76,34,53,58,35,82,55,78,67,89,14,88,69,27
49,86,37,99,42,33,96,1,57,40,67,11,29,74,41,20
59,23,14,8,35,41,90,54,48,49,19,79,26,36,60,38
99,20,22,32,44,64,38,89,12,27,52,93,61,88,80,84
51,5,91,19,11,53,81,8,38,49,57,89,73,1,7,95
50,100,8,69,43,92,25,75,1,97,13,47,9,35,42,57
73,94,4,44,56,28,29,76,77,63,49,80,12,78,21,40
52,6,78,76,70,72,89,58,57,87,54,49,92,24,30,45
84,45,8,47,76,68,73,32,81,100,19,61,24,50,55,7
62,34,28,77,59,90,17,86,85,31,48,3,51,55,78,94
67,28,9,51,31,79,6,76,37,14,17,4,1,89,54,78
48,32,27,62,69,35,14,67,40,44,28,92,11,4,87,47
51,39,48,28,55,2,95,24,63,50,23,91,90,92,82,10
79,85,27,69,94,31,4,30,66,81,97,62,96,36,29,56
40,66,93,100,97,12,1,55,54,10,84,76,33,11,74,89
100,95,68,58,78,90,98,91,87,1,69,93,29,40,30,4
71,75,19,85,57,83,91,22,25,81,48,18,74,98,70,31
78,52,31,22,70,59,3,44,63,33,7,6,36,32,39,82
3,20,51,10,25,8,27,15,11,23,64,52,35,92,2,36
29,23,93,48,8,32,24,75,38,15,37,66,27,31,7,55
58,98,38,12,62,94,36,20,64,71,73,53,68,11,82,27
21,55,50,70,65,40,82,74,68,35,18,33,45,22,44,66
79,39,59,83,40,70,44,22,99,64,19,45,62,95,81,17
18,49,79,51,8,53,12,50,43,6,94,22,7,64,15,59
18,98,15,69,24,70,43,11,48,6,67,5,16,84,46,80
61,11,37,63,67,58,35,85,49,87,27,62,33,41,70,83
66,4,64,23,50,95,11,52,7,84,53,68,27,45,2,98
26,35,12,77,62,85,97,52,91,6,38,65,54,92,60,67
8,63,87,31,34,6,1,72,35,48,50,43,32,18,33,37
88,100,53,3,29,75,59,94,86,85,37,24,93,8,12,28
28,77,18,30,4,12,13,89,51,24,93,21,67,90,78,16
31,27,72,38,89,50,67,28,73,5,20,77,16,59,74,54
88,70,25,1,96,27,59,34,61,95,21,78,80,53,49,97
66,100,78,75,6,97,84,44,14,99,79,69,60,34,37,17
46,82,100,3,84,5,93,55,38,9,23,61,28,98,92,90
100,9,74,23,58,57,34,4,75,8,71,61,6,48,99,43
32,15,38,55,4,86,46,89,2,68,28,20,100,77,76,51
61,26,7,76,14,25,21,87,50,94,47,86,13,36,59,92
51,53,85,69,20,1,30,66,90,25,10,39,3,6,28,92
45,52,40,25,19,44,76,66,42,28,82,81,27,11,91,86
84,69,61,32,68,74,99,15,44,86,81,100,48,31,1,35
30,71,69,65,41,21,5,44,14,43,20,24,37,29,48,3
97,61,52,30,70,22,18,32,45,40,7,8,19,17,50,10
100,90,73,47,32,10,82,62,57,20,9,83,94,69,99,44
26,61,94,68,38,21,87,22,88,10,32,1,93,52,96,4
84,42,74,16,90,50,17,79,88,28,23,100,87,89,82,22
9,25,42,80,98,66,52,21,54,44,38,2,40,55,83,4
61,89,15,76,58,51,46,20,95,98,53,27,91,32,25,36
98,22,11,31,94,81,43,85,25,20,26,3,27,2,21,8
50,89,43,57,48,84,21,75,87,91,77,62,33,3,53,5
35,46,41,73,17,3,97,83,92,23,72,55,60,58,36,7
91,72,56,86,57,22,16,46,67,96,5,89,1,7,51,9
17,59,9,78,72,83,43,10,74,44,16,54,26,76,33,92
17,14,21,78,7,84,99,71,56,38,81,52,93,40,42,87
93,14,77,8,40,75,82,89,15,62,97,32,79,76,66,53
6,31,50,88,73,41,1,70,15,90,37,77,54,60,34,78
16,53,26,79,96,70,64,48,22,3,100,67,37,55,41,86
61,82,29,55,67,60,3,80,99,32,81,51,22,44,5,7
32,59,27,6,47,29,46,78,57,89,25,45,62,10,18,39
99,10,24,23,32,76,33,62,50,35,47,90,1,67,96,54
60,92,11,53,18,6,39,13,30,19,7,75,62,72,20,94
75,5,100,22,70,37,43,14,80,87,35,42,28,23,10,86
47,41,58,74,13,11,97,12,61,38,34,44,42,22,80,73
51,43,28,91,88,31,65,73,79,90,64,75,57,70,94,63
16,1,20,64,12,22,21,18,35,84,97,88,41,62,71,37
29,91,81,98,23,94,17,35,100,93,86,18,41,76,50,77
44,33,57,55,4,31,66,96,45,68,79,89,12,60,85,13
18,64,37,47,65,38,57,59,36,68,54,30,11,27,76,66
100,44,81,70,56,58,43,72,23,68,85,50,13,30,5,31
22,96,64,12,89,87,35,37,43,94,63,88,75,61,76,17
26,97,2,60,53,49,8,50,99,38,71,98,19,1,42,47
13,54,69,47,82,81,5,66,25,58,2,89,40,55,19,6
93,14,74,13,41,24,8,69,7,26,31,50,22,70,83,66
100,7,97,73,20,6,62,42,98,63,58,72,67,65,75,12
14,38,85,67,44,77,21,62,6,32,30,57,74,60,13,15
23,19,86,35,67,6,16,58,68,1,15,82,97,98,63,27
83,80,9,23,79,18,22,30,2,59,84,72,68,20,39,86
93,91,18,76,13,70,14,65,60,71,80,59,87,33,83,26
12,65,25,27,45,21,30,64,69,76,74,53,66,28,100,18
56,48,29,18,73,50,15,25,10,40,45,76,92,19,69,88
69,94,16,85,13,59,23,87,77,53,96,4,44,8,90,24
84,39,11,72,33,96,15,57,3,87,49,73,64,74,95,2
53,14,54,65,20,68,60,6,40,67,80,38,57,11,16,32
79,35,72,41,37,93,22,46,98,30,40,4,39,90,26,23
90,96,58,24,13,94,40,80,50,84,20,42,46,98,89,38
75,72,51,37,39,53,41,79,71,70,82,94,84,36,64,44
70,49,54,10,46,39,41,81,32,17,45,52,47,82,24,13
79,90,55,8,80,100,73,61,92,74,98,3,81,40,27,23
54,90,6,82,9,20,40,80,88,43,48,23,79,60,52,72
64,33,98,48,69,76,14,37,15,25,54,20,4,52,36,55
52,22,28,48,15,89,23,42,65,21,73,71,41,49,45,12
35,48,93,67,98,80,8,5,24,84,97,75,17,45,62,4
71,6,97,96,63,27,12,93,17,81,36,75,83,100,4,84
34,41,32,14,36,17,58,55,24,52,20,72,22,81,95,82
85,81,26,10,67,25,87,90,65,37,30,54,51,71,9,38
98,90,47,3,87,93,37,61,35,10,62,76,80,53,11,21
83,39,70,50,65,31,36,71,37,52,89,76,80,86,20,64
28,13,2,20,23,57,39,94,7,54,21,36,92,40,100,14
63,14,6,36,46,27,41,26,16,5,58,67,52,91,45,69
24,47,59,34,100,92,1,19,65,69,81,37,61,87,70,23
90,75,72,62,40,88,73,68,69,11,87,7,54,82,27,16
22,91,81,82,88,31,35,4,12,97,72,16,64,32,30,62
97,83,21,88,53,65,22,4,18,33,44,68,61,59,67,30
51,92,49,73,55,93,3,21,8,31,38,35,65,63,90,96
74,96,59,92,20,44,54,48,53,89,45,75,35,87,49,99
13,41,86,56,87,31,16,51,97,14,72,76,50,42,3,20
93,61,8,77,83,22,67,1,23,76,82,4,20,6,92,44
62,99,96,32,15,80,28,35,8,55,74,4,53,37,67,46
31,82,35,76,41,97,15,63,40,9,73,25,45,61,33,8
36,90,8,15,53,29,88,74,99,66,65,11,76,33,37,73
90,60,82,83,76,13,38,50,30,59,77,66,47,58,54,86
8,26,89,63,100,25,86,88,17,44,77,48,83,50,30,69
8,18,32,29,77,37,73,47,71,1,40,86,30,55,42,50
88,45,92,68,76,3,70,27,13,73,77,54,82,80,86,24
53,61,55,17,35,34,87,58,89,100,32,81,66,76,40,10
42,51,28,87,76,55,31,85,21,20,25,48,24,68,32,23
2,99,91,5,80,18,78,53,13,61,8,63,64,36,22,94
1,71,29,19,20,93,88,28,40,66,61,56,37,33,70,78
48,28,8,39,64,26,88,86,35,92,74,77,44,43,17,4
6,76,90,64,96,63,45,88,19,5,25,87,3,61,8,11
89,39,63,82,17,78,10,46,12,7,72,8,37,5,50,53
79,58,3,39,28,97,99,42,1,30,61,71,95,9,40,72
60,11,12,23,67,18,20,82,62,76,48,72,81,36,22,33
95,24,2,79,11,82,100,58,55,39,90,29,26,33,46,17
60,5,67,51,95,85,94,66,91,86,38,36,10,52,41,70
60,92,89,53,13,45,7,87,52,90,5,26,48,30,51,24
33,28,80,53,35,59,97,60,15,78,5,30,92,40,16,27
79,43,87,18,23,71,40,85,57,26,41,90,39,91,3,44
55,70,16,10,79,7,61,26,82,68,97,80,100,24,36,46
25,17,32,40,52,15,5,98,95,78,47,19,86,46,57,79
78,98,74,45,68,75,2,36,77,16,71,15,55,17,32,96
94,81,78,44,69,84,22,26,96,93,68,89,80,57,100,29
76,74,58,77,75,61,33,49,31,69,84,50,90,46,98,92
12,59,72,3,49,11,22,10,90,83,34,15,63,57,87,42
95,90,24,83,76,53,40,75,98,47,57,52,29,68,84,54
4,62,57,85,63,99,72,54,11,45,19,65,91,38,100,25
61,70,43,69,59,83,98,76,73,42,8,75,32,31,22,27
50,79,35,40,72,60,85,68,59,75,96,90,53,94,5,43
16,4,34,13,39,91,30,9,53,44,11,7,17,19,71,100
46,8,87,78,24,86,38,27,53,50,47,17,29,73,94,4
45,87,22,13,38,89,9,83,66,79,59,96,15,30,70,33
98,96,4,85,57,99,50,89,33,21,52,71,92,59,44,91
70,63,35,9,25,27,14,64,71,26,17,48,57,13,72,99
8,34,57,53,40,47,36,44,72,50,79,14,88,16,84,43
15,97,73,9,1,94,70,65,53,63,33,66,72,82,84,64
54,42,69,76,57,71,18,15,38,47,43,73,34,6,45,75
92,44,81,51,14,98,9,95,21,24,82,42,15,86,3,22
87,39,25,89,79,93,2,26,3,52,37,74,84,10,27,83
45,78,57,33,46,70,27,65,100,85,64,21,69,13,83,36
48,93,35,37,98,82,22,26,10,62,13,21,64,46,51,81
63,66,57,19,60,78,61,13,20,98,52,3,81,14,53,43
43,51,13,33,53,60,79,52,26,1,75,41,54,56,9,67
11,16,18,63,7,73,92,45,51,70,64,20,74,98,35,43
31,10,47,61,84,76,44,58,11,95,14,78,33,94,90,1
30,45,57,65,90,21,89,40,31,64,92,3,6,62,95,33
85,40,60,90,69,16,80,61,62,55,65,52,70,36,24,19
45,94,49,3,34,57,18,42,70,11,61,95,13,63,82,21
76,9,62,65,57,61,32,64,77,91,15,1,34,60,26,10
30,22,7,88,92,9,83,66,73,52,67,14,51,65,62,98
29,30,32,93,15,33,22,24,96,49,90,48,63,56,18,11
74,81,9,89,43,30,20,15,2,58,42,75,86,96,69,100
74,36,12,94,90,72,98,87,7,9,34,1,8,70,49,82
100,65,5,8,25,12,66,57,83,69,36,23,32,51,95,96
92,7,9,58,11,65,54,98,12,15,96,17,74,47,57,41
6,66,38,44,43,26,28,52,29,15,62,41,13,70,47,91
94,5,73,54,36,79,67,49,84,21,39,97,68,23,6,95
43,46,68,50,14,6,33,93,32,56,19,76,1,5,2,8
43,19,21,45,32,64,28,76,37,67,71,31,57,99,23,92
15,88,100,87,89,10,98,46,61,35,77,36,58,62,64,22
16,33,42,85,4,20,71,23,56,65,95,52,54,28,81,79
28,59,16,98,18,69,43,6,64,24,3,56,80,96,78,94
58,77,80,94,18,75,54,85,48,79,8,10,88,33,28,41
34,80,6,20,73,2,14,69,61,67,64,93,25,48,47,43
5,87,77,88,91,95,34,51,20,79,89,83,50,36,63,78
13,88,31,30,99,61,100,63,57,44,20,90,10,59,37,53
57,61,30,78,90,26,23,66,33,10,27,69,28,100,83,12
98,68,16,94,34,81,73,72,52,61,78,13,83,51,49,99
76,61,10,30,24,93,26,29,59,71,90,20,16,88,64,38
25,55,54,70,46,2,51,18,13,92,30,1,60,86,26,9
90,53,6,56,40,73,27,11,8,95,54,32,52,35,100,21
71,37,48,4,41,36,24,5,57,39,89,27,56,93,83,54
66,82,96,5,9,35,67,52,51,64,56,74,93,50,94,78
70,84,38,67,59,36,63,92,37,61,27,60,22,2,23,72
15,79,33,51,73,17,77,13,86,56,1,30,81,43,40,32
87,42,82,44,94,45,70,47,24,97,14,57,36,54,79,71
65,1,63,45,56,42,23,31,72,61,77,15,62,14,91,58
12,53,17,85,79,23,26,34,58,44,10,90,37,96,78,51
82,61,97,68,83,45,7,58,33,55,89,73,95,18,17,37
17,29,25,57,44,93,48,78,51,41,43,66,16,19,75,38
15,68,16,66,90,31,84,44,51,41,9,14,83,1,80,60
64,22,60,54,16,72,77,55,71,88,36,94,53,47,61,31
82,22,88,20,56,57,17,51,28,53,89,69,2,60,86,45
22,72,73,12,27,11,99,65,79,100,41,49,8,83,43,84
80,52,87,77,22,36,92,96,5,75,35,79,40,90,25,19
54,57,28,73,62,68,67,44,89,100,29,77,5,35,45,19
63,85,22,41,39,52,47,3,84,73,40,11,44,66,27,79
77,32,58,57,36,50,79,76,61,63,19,49,3,59,75,62
28,62,20,16,17,19,70,82,97,57,83,53,69,1,58,35
51,26,63,44,1,47,81,43,19,87,5,3,7,48,21,17
30,88,89,32,26,85,48,18,51,24,47,84,39,86,1,46
57,3,85,30,49,2,28,50,62,93,12,10,77,21,92,39
15,6,14,71,68,19,53,45,50,32,2,56,95,10,7,73
33,7,77,38,28,47,98,62,56,67,4,16,63,83,24,32
52,75,87,5,8,65,84,44,50,1,33,57,13,48,10,92
82,72,75,30,39,77,65,24,60,55,35,20,57,41,32,33
97,17,8,3,99,28,83,80,32,2,36,98,75,49,46,1
44,12,94,20,50,72,93,49,46,76,97,96,69,1,57,59
86,98,68,32,80,48,41,28,27,8,19,67,88,2,26,36
76,56,92,12,26,1,59,2,4,16,86,39,32,17,70,58
55,2,34,44,62,8,81,26,24,22,21,47,16,12,80,68
27,21,18,25,58,65,28,61,44,43,4,85,40,76,48,49
71,81,33,29,7,50,49,89,11,56,6,21,80,77,24,32
80,99,6,48,20,85,43,19,90,34,29,47,88,59,96,89
40,25,79,10,34,35,81,30,76,21,97,53,41,78,69,55
7,38,51,84,81,2,44,27,10,82,78,85,69,59,25,54
87,22,54,1,78,66,60,20,27,4,46,85,47,37,91,71
69,40,61,7,75,83,25,14,84,99,39,87,33,34,100,90
46,87,43,84,13,58,49,82,93,99,51,76,6,71,77,10
43,62,52,18,33,12,9,47,36,27,3,98,83,16,73,80
99,71,73,5,27,30,62,78,82,13,38,31,15,42,46,24
87,82,7,38,56,36,26,95,93,94,23,83,2,46,24,33
19,15,27,60,8,63,68,25,4,46,36,40,13,95,57,24
65,56,89,81,75,45,4,71,76,8,1,27,36,11,52,9
86,51,54,71,42,27,84,39,21,26,83,29,7,76,82,38
41,11,78,4,10,19,36,14,16,9,54,62,70,66,15,86
40,2,4,43,77,59,91,41,14,31,44,60,97,35,23,56
18,63,86,41,99,91,42,93,81,95,65,76,19,5,24,84
42,1,85,68,35,71,34,67,43,4,78,19,99,3,11,40
15,48,27,38,89,87,57,79,32,80,10,36,35,25,98,91
35,41,82,5,81,15,48,27,59,62,46,17,51,90,52,6
55,14,9,12,64,49,58,79,38,6,78,50,10,27,66,25
43,84,65,23,66,10,9,12,35,39,100,78,49,29,99,11
67,56,41,35,79,62,32,75,40,37,45,91,10,18,89,63
14,83,100,53,12,20,98,75,48,87,42,8,99,63,61,13
78,43,99,25,31,55,81,96,69,75,73,39,66,48,54,98
51,53,15,21,37,69,28,71,30,11,10,13,81,27,63,54
10,23,99,69,70,42,87,32,48,35,79,57,96,93,73,45
71,87,35,63,17,29,8,90,92,36,86,5,72,46,60,14
37,10,25,24,96,65,97,88,89,17,1,86,79,32,16,26
26,70,28,47,99,37,72,14,42,29,25,53,96,9,41,67
8,7,12,29,49,76,51,37,52,44,87,15,70,30,80,91
70,92,58,21,76,67,77,71,33,51,88,60,10,72,26,83
37,62,93,56,58,5,66,60,22,82,7,100,29,33,18,23
96,29,49,51,47,39,33,62,16,71,92,38,11,72,52,90
8,14,52,81,50,25,94,92,6,67,59,77,13,17,87,78
80,83,84,86,13,6,30,99,59,57,56,45,60,61,5,69
26,82,83,31,22,65,89,35,10,56,87,66,8,37,20,80
3,69,26,70,48,10,87,11,57,28,25,52,44,33,78,89
72,98,73,20,5,83,39,85,15,74,27,91,34,58,33,69
78,19,21,45,46,51,59,67,23,3,95,2,96,17,71,74
30,26,20,11,18,70,31,61,36,41,50,62,35,66,53,3
63,30,24,95,36,8,71,88,93,51,28,76,16,90,50,29
76,8,30,84,93,94,10,26,81,59,95,83,71,65,23,63
33,68,84,86,58,39,94,99,37,90,9,4,48,59,87,16
24,68,16,59,49,95,20,35,64,47,71,22,34,75,53,44
26,88,25,33,89,70,23,45,93,60,5,24,80,72,71,97
69,28,49,27,8,94,6,53,4,56,7,13,90,29,58,98
77,64,59,87,97,86,69,79,24,82,8,41,65,72,100,58
64,59,74,89,47,40,57,5,41,96,38,81,35,58,94,93
5,60,31,1,93,61,77,73,96,53,97,59,55,99,45,16
73,91,86,28,35,15,90,70,95,51,27,2,3,60,76,14
92,48,40,53,47,72,39,7,23,38,65,96,90,82,70,78
16,39,82,75,71,84,78,87,83,3,61,38,9,28,46,88
15,77,9,33,44,67,30,78,49,91,72,56,69,31,79,66
14,61,56,43,42,77,47,55,26,7,83,25,94,38,16,48
4,9,31,96,62,41,34,90,5,73,66,75,94,8,72,37
23,83,63,18,16,60,75,50,57,1,73,80,39,52,31,24
37,9,70,20,30,100,10,48,52,27,22,79,91,41,1,55
55,25,57,83,9,38,59,8,70,54,45,50,39,63,49,88
58,6,75,23,61,13,5,7,95,32,89,8,44,27,1,16
46,65,100,56,77,44,48,55,7,16,87,60,1,96,47,59
99,66,26,41,49,38,96,15,25,72,4,79,68,86,61,87
89,29,98,14,95,30,96,76,70,15,59,67,79,41,80,91
10,52,63,18,2,31,90,16,3,48,8,17,12,42,36,57
24,82,19,30,44,62,2,86,74,65,47,57,96,31,93,66
9,55,72,48,36,57,62,59,23,65,32,91,12,61,85,39
36,52,60,19,43,91,55,99,46,85,30,51,81,73,82,68
65,9,81,12,87,36,98,6,86,73,96,79,55,100,59,39
34,89,6,58,88,37,55,44,97,74,49,45,28,94,47,40
29,89,17,63,10,84,79,74,22,47,51,38,45,26,56,35
7,90,97,76,63,16,27,52,18,37,10,54,4,15,46,91
50,88,69,6,61,80,11,91,70,47,32,85,31,76,20,45
4,47,20,22,61,28,93,1,90,74,58,46,91,6,44,13
95,42,59,46,45,89,13,94,36,24,11,27,80,47,4,85
89,15,66,79,50,91,24,77,75,96,56,23,72,35,80,54
1,62,12,66,37,68,40,24,87,14,35,48,59,78,75,57
11,94,58,36,54,72,74,8,64,82,25,39,43,27,48,33
85,61,59,95,83,88,19,9,30,55,68,5,4,43,65,69
73,71,21,94,27,39,9,1,11,16,91,88,28,50,38,8
56,19,80,58,83,72,62,27,78,49,22,14,86,13,65,81
87,18,33,52,16,93,51,50,68,56,72,32,25,35,69,82
33,45,88,79,81,16,53,62,66,73,48,9,40,24,86,96
99,6,90,82,57,62,10,35,58,45,50,55,76,28,34,41
60,30,57,14,77,16,19,23,44,41,38,20,11,86,31,18
18,87,6,40,38,23,31,27,81,48,26,24,54,97,21,17
17,27,2,78,68,98,46,42,40,18,21,62,75,23,20,64
60,94,61,65,54,79,24,1,4,45,26,33,22,20,62,9
73,14,62,50,11,71,84,7,80,85,12,64,98,26,38,87
55,93,88,99,60,28,33,71,46,89,6,49,18,57,22,47
20,56,72,84,9,31,54,53,24,16,75,76,26,97,58,38
1,81,55,28,75,93,92,46,19,20,82,94,58,59,54,91
55,34,40,50,43,57,98,10,48,85,49,84,21,2,25,58
42,79,78,46,47,91,3,68,37,85,11,54,59,64,66,15
62,11,71,28,53,32,82,87,77,48,65,72,8,58,92,18
8,43,64,87,76,31,79,71,99,74,48,97,56,21,34,66
64,27,22,77,3,39,82,100,86,75,70,67,56,47,30,73
5,29,1,11,4,57,89,91,53,52,39,31,12,16,94,47
28,95,72,46,49,25,26,39,71,92,40,94,8,19,85,62
58,40,69,45,35,4,80,10,81,20,99,97,66,12,43,92
82,80,5,63,52,8,24,42,20,90,68,64,50,74,71,59
47,5,53,37,39,84,69,66,27,62,7,21,19,76,89,25
24,56,28,81,64,4,70,14,25,55,92,91,72,86,80,82
59,12,95,43,44,25,18,76,1,68,72,48,37,88,89,39
75,17,70,15,64,10,31,76,95,13,6,91,44,24,52,35
38,27,6,44,86,36,42,59,76,4,9,57,67,54,39,48
79,75,53,19,84,70,77,72,54,34,32,61,100,68,49,85
73,100,44,10,16,19,92,12,83,69,23,60,11,52,36,77
52,1,30,69,49,74,21,90,35,51,23,81,34,13,64,54
85,43,70,56,55,84,26,32,68,18,51,77,35,75,13,88
63,27,4,25,12,37,74,21,30,34,24,45,43,2,17,83
44,74,71,41,63,58,97,96,49,8,14,33,78,7,35,87
30,94,19,26,27,69,85,91,64,55,9,50,49,81,95,66
58,89,36,33,51,68,66,13,90,48,21,18,32,98,99,80
94,95,66,61,86,28,50,14,51,52,92,54,80,34,26,75
20,2,46,12,19,29,86,76,30,71,11,15,34,10,55,91
60,55,21,73,30,95,78,26,37,31,91,56,3,59,58,20
48,62,36,18,86,8,37,16,40,39,97,17,49,94,5,19
71,99,72,29,64,17,19,25,48,45,84,38,70,55,26,32
87,20,26,62,54,25,81,48,11,98,91,3,99,17,56,63
66,7,26,64,72,77,43,70,40,39,13,23,31,33,53,34
32,76,81,95,24,85,48,21,82,63,77,6,40,10,73,3
30,86,35,83,19,23,56,4,75,20,31,85,40,17,53,76
3,18,99,60,61,92,48,43,95,16,31,98,14,29,87,13
65,16,24,50,67,13,28,61,12,32,49,83,85,84,82,58
79,87,4,11,18,44,86,90,47,85,67,40,89,38,81,2
91,87,63,28,56,37,48,82,55,73,52,30,97,29,93,12
33,48,72,84,12,23,4,49,7,20,61,62,64,6,89,32
66,33,31,46,74,22,12,13,57,98,27,40,44,10,99,21
43,20,76,95,99,83,87,49,80,50,94,70,58,37,14,39
35,76,58,98,6,80,12,31,55,27,84,64,43,15,66,69
78,17,79,56,58,5,39,22,86,74,40,90,10,28,48,29
55,70,81,61,9,20,96,80,43,95,98,87,67,31,44,14
1,28,89,44,33,21,80,19,85,38,83,5,47,13,23,45
67,100,57,4,62,68,84,82,45,7,27,79,85,71,73,54
1,61,42,29,30,57,60,13,6,18,93,21,65,86,11,16
87,50,20,85,1,56,28,31,70,27,9,24,3,33,90,100
51,10,70,76,35,19,43,4,89,80,36,68,79,81,2,56
36,39,50,19,99,15,79,2,31,38,87,42,68,16,62,69
53,77,47,79,49,38,69,36,50,37,34,93,19,15,52,11
76,4,68,29,32,17,88,37,11,84,23,63,50,6,48,14
62,21,23,30,43,9,86,52,67,58,47,25,15,27,54,5
61,15,43,85,82,70,92,18,46,35,21,32,69,11,45,88
93,26,100,92,48,77,12,20,84,6,28,68,1,90,46,61
88,80,11,49,68,18,56,12,20,1,35,51,94,13,78,59
47,10,24,16,50,54,99,70,82,61,78,51,26,87,13,81
62,81,80,25,69,44,60,34,28,66,67,91,23,68,54,30
48,41,7,63,44,45,78,90,40,73,6,47,26,74,70,66
60,31,24,85,88,23,86,56,87,69,71,53,95,41,79,32
78,48,19,88,68,24,100,55,95,90,42,89,4,60,63,8
75,79,86,13,17,43,19,69,56,87,18,29,100,32,83,8
63,79,16,38,1,100,94,6,59,45,46,88,78,11,34,8
65,27,99,3,15,69,20,82,52,61,49,19,57,4,28,46
49,14,4,96,19,100,17,63,3,77,94,62,13,78,80,20
21,37,27,52,9,84,68,4,22,91,49,93,90,98,51,38
9,59,81,16,93,45,73,24,3,62,8,47,57,17,22,36
69,98,37,39,48,41,58,14,87,2,56,13,91,25,18,26
97,39,46,6,87,99,54,79,18,51,8,53,74,29,59,7
15,24,32,8,79,68,97,19,45,6,90,54,27,98,9,30
99,37,88,68,41,42,76,96,7,6,78,24,25,23,64,86
18,96,56,17,36,10,27,32,40,66,3,46,58,48,75,20
89,54,12,86,8,38,70,59,55,96,79,30,83,78,1,24
23,60,58,57,82,55,48,72,27,6,99,25,100,76,78,2
98,6,30,1,53,69,64,35,5,87,31,45,81,90,78,12
63,86,45,19,43,60,56,24,36,39,92,78,37,89,29,58
64,48,12,32,38,16,81,36,99,1,9,67,6,71,73,19
32,11,69,68,39,30,10,79,62,93,33,44,72,100,92,64
69,63,32,75,76,85,23,81,55,19,94,21,82,73,64,67
20,28,89,34,70,17,97,27,25,92,14,9,43,12,35,32
94,14,7,44,78,83,80,32,75,4,58,88,67,46,60,10
75,76,44,16,74,84,78,29,8,30,45,17,35,65,22,79
17,25,96,4,49,61,63,83,72,8,70,16,3,80,37,60
24,60,39,63,86,14,3,38,99,15,47,76,49,19,32,69
58,25,28,79,84,32,86,38,22,80,83,10,44,11,82,55
79,91,56,82,83,38,77,7,72,24,33,80,96,63,52,34
64,88,85,71,63,38,42,53,3,52,77,86,96,7,67,18
17,70,31,23,43,75,19,7,88,99,20,87,3,14,65,48
95,38,51,72,19,80,9,45,98,64,50,100,93,44,74,22
12,63,79,85,3,54,38,55,20,37,62,33,66,16,84,72
61,39,85,96,8,88,43,55,77,72,73,84,5,2,58,81
95,62,32,40,98,70,58,42,99,76,9,69,89,91,36,67
41,2,22,60,20,81,9,94,69,25,93,8,30,32,65,45
18,58,12,57,10,38,52,94,86,32,85,21,68,81,7,8
86,84,11,37,54,16,4,85,47,56,75,65,62,6,53,43
77,45,84,23,28,42,69,55,52,53,13,75,3,83,40,96
25,29,97,14,28,76,20,77,63,42,52,65,60,19,36,35
32,72,16,45,51,39,34,2,92,15,100,31,86,20,66,55
99,62,69,56,11,50,7,24,2,96,40,13,91,38,20,25
26,79,59,35,48,23,4,70,82,46,14,93,19,50,74,27
73,35,85,7,61,3,59,92,8,13,75,10,28,21,58,96
2,9,99,21,43,78,31,76,10,16,55,32,36,60,75,47
22,46,70,75,88,89,15,14,94,68,80,7,9,55,42,63
22,89,80,71,98,5,25,37,28,31,7,99,67,60,94,56
43,69,27,76,23,73,62,28,26,19,50,100,60,63,89,65
89,84,96,79,55,51,93,82,69,47,46,30,12,38,71,39
8,35,4,89,18,63,59,81,3,11,93,33,37,71,69,70
7,97,59,31,100,89,1,21,78,73,66,80,93,32,6,29
16,83,6,1,33,9,50,81,67,80,99,34,25,55,8,27
10,57,8,23,26,46,75,68,60,48,9,25,61,33,98,18
87,43,57,46,6,55,100,82,25,18,16,19,81,91,69,53
88,19,81,73,74,5,52,71,63,86,83,22,16,51,12,26
16,33,75,83,90,41,92,52,62,67,24,61,20,13,58,29
15,75,37,63,2,68,21,100,47,26,88,38,83,84,85,45
25,32,13,16,43,35,27,50,62,36,19,77,39,42,40,98
18,32,22,69,58,8,41,23,100,12,25,78,52,31,72,19
14,91,71,43,4,31,45,28,49,87,41,19,23,13,32,69
67,96,70,78,73,8,64,69,38,22,61,42,5,51,6,52
77,13,44,56,94,69,16,92,80,50,97,63,40,96,3,29
18,43,53,13,82,1,41,66,26,49,67,35,94,69,4,36
97,90,10,65,24,3,82,72,87,60,55,74,79,69,7,68
8,88,89,21,57,67,19,31,36,84,13,44,60,100,20,52
80,26,78,37,47,91,18,48,92,6,87,45,93,42,8,1
3,75,63,6,57,54,37,52,41,30,81,92,28,8,7,13
73,18,53,76,93,69,19,56,45,58,26,52,96,33,11,83
99,28,88,70,68,76,31,20,13,67,86,100,15,38,51,95
8,81,31,48,95,12,9,74,22,43,35,76,84,63,14,88
4,91,44,38,5,34,77,17,72,3,78,36,13,29,89,39
86,29,11,24,1,52,98,64,14,100,78,89,75,84,94,95
47,39,100,18,64,6,32,25,69,65,38,84,67,41,82,77
68,87,82,2,38,45,93,32,80,35,92,62,83,40,24,46
69,30,5,91,96,7,26,94,59,74,93,10,89,95,61,48
100,50,42,39,54,94,19,88,97,56,59,64,85,11,43,70
23,18,51,100,46,65,41,93,58,61,31,38,39,36,60,78
57,92,39,66,34,11,35,2,24,31,97,60,98,27,7,14
39,98,90,40,3,6,82,4,33,79,37,65,73,94,50,12
14,27,51,23,15,52,17,85,8,84,68,97,11,1,79,53
64,71,15,11,88,12,37,10,54,41,96,74,46,78,31,89
43,94,55,66,56,5,96,91,97,19,37,58,88,41,7,64
35,30,51,22,86,10,87,23,21,68,24,78,94,55,18,88
70,93,59,26,62,79,95,23,38,36,15,96,56,20,47,2
18,76,75,69,67,85,24,74,45,30,58,79,26,57,1,91
78,71,68,100,25,57,19,14,42,59,62,33,27,87,4,95
55,48,58,33,64,42,12,82,97,90,96,40,38,68,66,81
56,6,5,98,11,46,66,12,9,50,59,25,1,93,38,43
99,75,2,45,26,76,44,87,18,35,42,11,66,57,17,54
18,24,99,76,71,26,20,5,12,33,60,8,70,65,78,59
83,85,15,57,1,63,72,76,12,81,27,66,87,31,14,80
72,16,92,67,42,91,48,21,51,63,7,25,93,53,56,32
12,90,35,14,74,24,92,9,5,10,16,76,98,85,78,40
69,48,61,42,90,60,77,45,22,91,96,59,53,63,67,3
45,29,74,90,62,65,8,61,75,71,94,79,59,49,66,25
36,50,17,53,31,89,11,63,48,62,52,10,76,87,91,80
97,68,44,51,64,41,40,65,24,12,91,19,96,84,50,74
59,48,17,13,50,53,39,25,34,82,99,49,55,66,30,36
51,76,41,80,98,87,89,82,5,12,42,69,78,18,20,85
82,58,12,29,100,45,69,90,75,79,91,54,35,61,98,6
94,90,100,76,25,82,46,27,29,70,47,10,8,33,61,85
76,27,26,83,37,54,77,25,38,24,81,36,15,72,82,84
29,50,17,3,56,53,8,35,45,90,24,33,19,11,60,80
32,24,86,11,30,34,10,41,56,23,64,62,33,9,49,98
85,15,43,63,56,71,11,18,4,38,53,57,55,83,60,23
61,23,27,57,76,81,44,90,40,50,9,32,84,1,62,18
76,39,77,11,46,50,15,61,37,51,17,38,16,71,83,13
78,54,35,44,67,74,49,81,87,73,14,94,88,7,98,27
57,21,41,18,68,28,58,77,95,25,6,66,73,55,8,93
58,8,98,74,18,82,75,87,28,56,91,44,14,34,36,57
39,51,7,64,93,37,46,35,25,16,100,80,63,74,40,99
16,66,54,49,10,87,9,52,56,95,77,24,71,51,47,85
90,73,42,35,63,27,67,97,81,84,44,100,23,49,98,95
78,9,61,96,86,42,22,8,95,94,44,73,77,38,85,7
48,21,30,19,63,55,51,39,83,61,68,25,52,89,41,10
45,22,15,18,84,41,62,51,66,33,55,3,99,6,35,8
56,50,20,51,70,69,73,25,47,97,19,21,77,85,89,17
38,41,19,42,23,20,3,13,9,7,96,67,5,4,39,28
58,54,22,1,75,4,76,30,44,72,69,85,50,16,60,23
63,31,36,96,76,41,64,38,65,12,59,93,13,74,27,89
3,58,30,70,12,24,27,50,45,28,16,52,91,96,99,13
96,75,83,33,25,94,88,11,1,35,90,97,85,44,89,82
15,21,73,86,9,87,38,16,13,95,18,70,96,24,42,43
59,36,29,85,41,19,9,69,80,72,87,40,100,96,34,51
14,80,33,47,30,6,84,58,100,37,73,3,60,4,16,93
43,91,8,88,15,5,96,35,62,61,73,97,16,95,58,1
29,68,90,74,4,11,82,34,72,42,77,98,38,65,73,21
58,27,65,82,20,35,84,29,73,85,75,76,50,83,72,49
64,59,89,85,15,32,71,94,35,91,7,61,31,63,28,80
58,76,78,40,37,86,93,71,2,26,67,54,68,72,55,94
74,79,72,7,82,75,6,23,2,58,8,99,12,48,26,1
20,66,8,63,62,31,61,91,94,81,30,29,97,64,36,44
50,5,100,49,88,98,19,60,72,14,85,86,90,65,61,68
62,46,18,23,43,58,12,77,98,59,65,67,47,71,30,13
48,30,69,99,36,43,10,68,84,39,91,75,34,62,66,44
15,34,74,29,30,100,7,87,81,76,86,97,4,56,10,39
12,58,97,78,6,92,76,100,27,96,94,52,99,82,25,22
44,31,27,72,87,63,15,33,41,62,55,50,34,49,22,43
42,1,17,10,70,49,85,68,32,12,84,35,18,69,100,63
74,73,41,2,97,4,28,58,85,95,99,76,62,64,77,32
65,24,16,77,34,23,43,58,42,2,22,67,90,57,38,86
62,10,5,87,81,56,11,67,78,91,34,46,98,77,41,15
90,93,16,38,62,2,48,65,27,76,63,13,47,69,28,1
71,43,82,29,1,66,10,8,89,72,100,87,32,33,59,53
73,59,22,23,63,76,50,55,49,8,91,98,25,7,62,37
89,61,84,76,15,59,63,91,86,49,29,78,73,98,37,5
94,4,3,29,23,63,97,5,58,46,59,56,10,31,65,89
61,100,44,26,71,94,91,39,46,85,52,43,27,89,12,24
94,62,57,6,26,78,2,21,17,8,42,28,90,92,31,80
13,27,97,81,86,41,30,60,96,68,45,59,24,84,46,55
87,64,73,60,89,21,51,79,28,85,75,81,77,92,23,66
55,13,32,93,66,87,80,94,79,2,43,58,39,60,76,98
69,3,14,51,4,53,76,59,63,2,58,25,56,67,47,44
71,12,91,58,9,50,40,4,8,11,62,47,77,81,64,54
25,37,48,50,26,1,89,56,54,59,87,21,92,44,73,93
75,12,13,55,19,97,79,6,29,90,72,37,96,17,2,16
26,76,97,58,81,33,34,43,27,32,73,71,16,85,4,23
45,40,58,66,14,22,51,25,93,20,91,78,77,54,24,35
13,90,63,55,70,77,88,19,58,11,26,53,33,24,84,29
19,93,39,13,42,25,69,62,28,44,59,72,20,96,79,46
28,58,1,93,21,5,54,56,77,9,31,50,15,94,98,6
17,55,52,58,39,78,22,71,66,11,41,18,8,3,51,2
99,98,68,79,81,90,50,6,93,62,87,5,78,64,10,23
43,94,36,25,59,76,83,62,56,46,69,87,37,42,10,65
27,78,8,73,6,24,17,86,21,11,44,31,19,70,98,29
62,23,15,14,88,34,75,98,78,32,2,69,4,7,72,84
62,19,46,25,93,48,61,83,73,70,58,63,94,88,47,4
51,42,8,67,99,75,23,79,33,46,47,68,86,87,54,65
37,92,67,91,17,77,57,47,41,14,82,46,11,36,72,28
4,88,93,89,100,31,10,39,2,42,45,81,5,94,43,44
62,7,46,22,5,84,86,80,16,92,94,75,87,41,89,56
38,46,91,62,37,96,23,3,55,11,13,18,24,32,64,4
25,70,38,74,19,30,16,7,20,60,22,61,94,84,90,89
77,19,79,21,48,18,82,41,86,64,7,60,24,47,85,2
29,1,66,22,21,98,17,83,26,35,47,11,28,45,20,58
92,68,30,25,3,70,74,73,100,34,46,98,43,7,99,23
33,63,36,67,9,14,16,46,37,6,42,26,1,45,50,29
22,32,29,42,54,77,59,5,19,2,93,81,88,20,76,85
68,69,79,92,42,47,90,55,72,63,74,8,11,49,98,27
85,86,25,50,73,37,88,77,84,3,98,99,96,52,13,74
9,17,29,89,19,78,36,28,23,97,96,90,25,6,82,52
53,86,37,58,26,30,75,39,40,83,68,6,79,67,57,99
68,40,97,53,80,61,27,33,50,13,4,38,65,32,49,100
91,94,61,31,65,20,39,28,77,82,57,27,53,78,14,80
15,87,41,21,47,86,20,51,25,31,78,71,2,8,82,1
58,57,93,23,77,25,78,42,87,84,11,75,13,29,91,99
55,48,46,92,22,4,53,1,86,98,31,90,57,100,96,19
22,71,4,95,65,78,68,44,92,46,52,10,88,33,7,61
98,70,45,85,90,14,39,99,7,94,13,60,63,15,18,2
30,94,57,15,67,59,65,85,88,82,10,20,81,95,34,27
97,54,12,62,66,61,30,72,56,69,60,24,16,65,67,50
76,7,95,100,63,43,89,73,24,18,96,19,22,71,2,34
18,39,21,15,11,49,93,92,66,26,6,81,85,68,48,16
8,94,33,35,23,25,65,71,6,86,10,32,52,44,34,50
83,14,84,67,10,37,16,43,94,50,96,21,11,9,85,44
95,51,90,35,28,79,18,66,14,74,49,70,25,92,21,57
57,75,51,25,26,36,10,18,97,3,35,40,68,55,92,72
19,85,4,73,13,42,20,41,22,8,10,59,2,39,69,89
95,38,82,37,51,60,21,28,52,80,100,71,16,10,44,35
44,74,8,82,53,76,31,1,87,2,25,56,61,40,10,33
7,37,42,13,100,73,86,93,33,44,57,52,68,72,90,65
38,94,80,4,12,1,79,92,100,82,60,66,11,33,90,99
35,80,9,19,43,4,45,71,41,31,42,61,32,15,46,17
93,76,99,33,32,65,46,50,88,28,35,18,56,29,16,13
26,80,30,94,89,83,82,31,3,100,67,70,45,6,2,54
8,63,57,42,52,70,48,55,88,37,47,31,43,29,65,20
24,52,13,96,56,75,61,97,30,51,79,63,74,7,26,6
16,24,59,84,100,2,57,97,89,35,71,10,11,98,3,96
57,32,10,58,28,53,87,95,91,1,23,74,3,48,17,82
96,45,24,10,27,86,8,48,23,12,93,15,91,80,81,49
96,26,58,25,60,3,99,51,83,97,56,19,30,91,18,12
63,62,98,24,97,41,96,44,19,3,9,21,78,23,34,36
25,16,63,61,77,69,55,64,30,50,97,57,17,8,90,95
57,36,66,59,5,21,6,19,9,61,96,49,43,4,67,87
30,83,61,29,46,1,67,7,82,98,66,27,19,25,44,16
52,42,82,59,75,10,58,60,78,2,62,76,37,15,25,72
17,80,71,10,84,99,47,77,73,30,38,8,42,68,89,24
80,100,39,64,47,67,62,28,1,71,31,18,48,29,12,59
47,97,13,86,50,43,88,96,90,4,11,80,10,25,24,99
